Freq.	V(input)/I(V1)
1.00000000000000e+02	(7.55558155688485e+01dB,1.77576018244044e+02°)
1.02329299228075e+02	(7.55553999807416e+01dB,1.77519641958197e+02°)
1.04712854805090e+02	(7.55549648500508e+01dB,1.77461958604147e+02°)
1.07151930523761e+02	(7.55545092599476e+01dB,1.77402938171606e+02°)
1.09647819614318e+02	(7.55540322507971e+01dB,1.77342549982221e+02°)
1.12201845430196e+02	(7.55535328181794e+01dB,1.77280762676214e+02°)
1.14815362149688e+02	(7.55530099108208e+01dB,1.77217544198853e+02°)
1.17489755493953e+02	(7.55524624284322e+01dB,1.77152861786783e+02°)
1.20226443461741e+02	(7.55518892194499e+01dB,1.77086681954210e+02°)
1.23026877081238e+02	(7.55512890786748e+01dB,1.77018970478958e+02°)
1.25892541179417e+02	(7.55506607448053e+01dB,1.76949692388396e+02°)
1.28824955169313e+02	(7.55500028978604e+01dB,1.76878811945259e+02°)
1.31825673855641e+02	(7.55493141564870e+01dB,1.76806292633368e+02°)
1.34896288259165e+02	(7.55485930751479e+01dB,1.76732097143267e+02°)
1.38038426460288e+02	(7.55478381411845e+01dB,1.76656187357786e+02°)
1.41253754462275e+02	(7.55470477717494e+01dB,1.76578524337551e+02°)
1.44543977074593e+02	(7.55462203106044e+01dB,1.76499068306464e+02°)
1.47910838816821e+02	(7.55453540247760e+01dB,1.76417778637157e+02°)
1.51356124843621e+02	(7.55444471010661e+01dB,1.76334613836461e+02°)
1.54881661891248e+02	(7.55434976424086e+01dB,1.76249531530903e+02°)
1.58489319246111e+02	(7.55425036640687e+01dB,1.76162488452252e+02°)
1.62181009735893e+02	(7.55414630896768e+01dB,1.76073440423158e+02°)
1.65958690743756e+02	(7.55403737470909e+01dB,1.75982342342897e+02°)
1.69824365246174e+02	(7.55392333640820e+01dB,1.75889148173265e+02°)
1.73780082874937e+02	(7.55380395638345e+01dB,1.75793810924660e+02°)
1.77827941003892e+02	(7.55367898602546e+01dB,1.75696282642376e+02°)
1.81970085860998e+02	(7.55354816530815e+01dB,1.75596514393165e+02°)
1.86208713666287e+02	(7.55341122227908e+01dB,1.75494456252107e+02°)
1.90546071796324e+02	(7.55326787252864e+01dB,1.75390057289834e+02°)
1.94984459975804e+02	(7.55311781863706e+01dB,1.75283265560164e+02°)
1.99526231496888e+02	(7.55296074959857e+01dB,1.75174028088201e+02°)
2.04173794466953e+02	(7.55279634022197e+01dB,1.75062290858952e+02°)
2.08929613085404e+02	(7.55262425050674e+01dB,1.74947998806547e+02°)
2.13796208950223e+02	(7.55244412499399e+01dB,1.74831095804105e+02°)
2.18776162394955e+02	(7.55225559209128e+01dB,1.74711524654345e+02°)
2.23872113856834e+02	(7.55205826337077e+01dB,1.74589227080999e+02°)
2.29086765276777e+02	(7.55185173283959e+01dB,1.74464143721133e+02°)
2.34422881531992e+02	(7.55163557618186e+01dB,1.74336214118453e+02°)
2.39883291901949e+02	(7.55140934997147e+01dB,1.74205376717699e+02°)
2.45470891568503e+02	(7.55117259085479e+01dB,1.74071568860232e+02°)
2.51188643150958e+02	(7.55092481470267e+01dB,1.73934726780916e+02°)
2.57039578276886e+02	(7.55066551573082e+01dB,1.73794785606429e+02°)
2.63026799189538e+02	(7.55039416558796e+01dB,1.73651679355108e+02°)
2.69153480392691e+02	(7.55011021241099e+01dB,1.73505340938480e+02°)
2.75422870333816e+02	(7.54981307984658e+01dB,1.73355702164606e+02°)
2.81838293126445e+02	(7.54950216603845e+01dB,1.73202693743402e+02°)
2.88403150312660e+02	(7.54917684257997e+01dB,1.73046245294073e+02°)
2.95120922666638e+02	(7.54883645343135e+01dB,1.72886285354861e+02°)
3.01995172040201e+02	(7.54848031380126e+01dB,1.72722741395252e+02°)
3.09029543251358e+02	(7.54810770899232e+01dB,1.72555539830854e+02°)
3.16227766016837e+02	(7.54771789321038e+01dB,1.72384606041124e+02°)
3.23593656929628e+02	(7.54731008833733e+01dB,1.72209864390174e+02°)
3.31131121482590e+02	(7.54688348266755e+01dB,1.72031238250851e+02°)
3.38844156139202e+02	(7.54643722960800e+01dB,1.71848650032347e+02°)
3.46736850452531e+02	(7.54597044634242e+01dB,1.71662021211556e+02°)
3.54813389233575e+02	(7.54548221245981e+01dB,1.71471272368448e+02°)
3.63078054770101e+02	(7.54497156854811e+01dB,1.71276323225716e+02°)
3.71535229097172e+02	(7.54443751475380e+01dB,1.71077092692975e+02°)
3.80189396320560e+02	(7.54387900930842e+01dB,1.70873498915800e+02°)
3.89045144994280e+02	(7.54329496702351e+01dB,1.70665459329900e+02°)
3.98107170553496e+02	(7.54268425775551e+01dB,1.70452890720740e+02°)
4.07380277804112e+02	(7.54204570484243e+01dB,1.70235709288925e+02°)
4.16869383470335e+02	(7.54137808351466e+01dB,1.70013830721693e+02°)
4.26579518801592e+02	(7.54068011928252e+01dB,1.69787170270836e+02°)
4.36515832240165e+02	(7.53995048630336e+01dB,1.69555642837410e+02°)
4.46683592150962e+02	(7.53918780573185e+01dB,1.69319163063601e+02°)
4.57088189614874e+02	(7.53839064405707e+01dB,1.69077645432090e+02°)
4.67735141287197e+02	(7.53755751143089e+01dB,1.68831004373301e+02°)
4.78630092322637e+02	(7.53668685999242e+01dB,1.68579154380906e+02°)
4.89778819368445e+02	(7.53577708219386e+01dB,1.68322010135961e+02°)
5.01187233627271e+02	(7.53482650913383e+01dB,1.68059486640046e+02°)
5.12861383991364e+02	(7.53383340890462e+01dB,1.67791499357788e+02°)
5.24807460249771e+02	(7.53279598496074e+01dB,1.67517964369134e+02°)
5.37031796370251e+02	(7.53171237451661e+01dB,1.67238798531742e+02°)
5.49540873857623e+02	(7.53058064698188e+01dB,1.66953919653821e+02°)
5.62341325190348e+02	(7.52939880244411e+01dB,1.66663246677783e+02°)
5.75439937337155e+02	(7.52816477020854e+01dB,1.66366699874997e+02°)
5.88843655355587e+02	(7.52687640740617e+01dB,1.66064201051949e+02°)
6.02559586074356e+02	(7.52553149768183e+01dB,1.65755673768072e+02°)
6.16595001861481e+02	(7.52412774997478e+01dB,1.65441043565464e+02°)
6.30957344480192e+02	(7.52266279740539e+01dB,1.65120238210699e+02°)
6.45654229034654e+02	(7.52113419628208e+01dB,1.64793187948851e+02°)
6.60693448007594e+02	(7.51953942524375e+01dB,1.64459825769840e+02°)
6.76082975391980e+02	(7.51787588455360e+01dB,1.64120087687112e+02°)
6.91830970918935e+02	(7.51614089556117e+01dB,1.63773913028626e+02°)
7.07945784384136e+02	(7.51433170035016e+01dB,1.63421244740021e+02°)
7.24435960074988e+02	(7.51244546159033e+01dB,1.63062029699771e+02°)
7.41310241300916e+02	(7.51047926261242e+01dB,1.62696219046030e+02°)
7.58577575029182e+02	(7.50843010772572e+01dB,1.62323768514785e+02°)
7.76247116628690e+02	(7.50629492279837e+01dB,1.61944638788796e+02°)
7.94328234724279e+02	(7.50407055612082e+01dB,1.61558795856719e+02°)
8.12830516164097e+02	(7.50175377957328e+01dB,1.61166211381661e+02°)
8.31763771102669e+02	(7.49934129011805e+01dB,1.60766863078274e+02°)
8.51138038202374e+02	(7.49682971163751e+01dB,1.60360735097378e+02°)
8.70963589956078e+02	(7.49421559713851e+01dB,1.59947818416930e+02°)
8.91250938133743e+02	(7.49149543134327e+01dB,1.59528111238003e+02°)
9.12010839355907e+02	(7.48866563368633e+01dB,1.59101619384304e+02°)
9.33254300796988e+02	(7.48572256173617e+01dB,1.58668356703544e+02°)
9.54992586021433e+02	(7.48266251505895e+01dB,1.58228345468860e+02°)
9.77237220955808e+02	(7.47948173954024e+01dB,1.57781616778281e+02°)
9.99999999999997e+02	(7.47617643217893e+01dB,1.57328210950087e+02°)
1.02329299228075e+03	(7.47274274636534e+01dB,1.56868177911721e+02°)
1.04712854805090e+03	(7.46917679765318e+01dB,1.56401577579784e+02°)
1.07151930523760e+03	(7.46547467003208e+01dB,1.55928480228469e+02°)
1.09647819614318e+03	(7.46163242270447e+01dB,1.55448966843667e+02°)
1.12201845430196e+03	(7.45764609736696e+01dB,1.54963129459845e+02°)
1.14815362149688e+03	(7.45351172599275e+01dB,1.54471071476690e+02°)
1.17489755493953e+03	(7.44922533910719e+01dB,1.53972907952429e+02°)
1.20226443461741e+03	(7.44478297454465e+01dB,1.53468765870680e+02°)
1.23026877081238e+03	(7.44018068666969e+01dB,1.52958784377636e+02°)
1.25892541179416e+03	(7.43541455604096e+01dB,1.52443114986399e+02°)
1.28824955169313e+03	(7.43048069949110e+01dB,1.51921921745307e+02°)
1.31825673855640e+03	(7.42537528059053e+01dB,1.51395381367151e+02°)
1.34896288259165e+03	(7.42009452045803e+01dB,1.50863683316302e+02°)
1.38038426460288e+03	(7.41463470887535e+01dB,1.50327029850912e+02°)
1.41253754462275e+03	(7.40899221565833e+01dB,1.49785636017511e+02°)
1.44543977074592e+03	(7.40316350223146e+01dB,1.49239729595617e+02°)
1.47910838816820e+03	(7.39714513334853e+01dB,1.48689550990181e+02°)
1.51356124843620e+03	(7.39093378889705e+01dB,1.48135353070057e+02°)
1.54881661891248e+03	(7.38452627572039e+01dB,1.47577400951019e+02°)
1.58489319246111e+03	(7.37791953938808e+01dB,1.47015971722260e+02°)
1.62181009735892e+03	(7.37111067584136e+01dB,1.46451354115724e+02°)
1.65958690743755e+03	(7.36409694283944e+01dB,1.45883848118116e+02°)
1.69824365246174e+03	(7.35687577112987e+01dB,1.45313764525875e+02°)
1.73780082874937e+03	(7.34944477526617e+01dB,1.44741424443963e+02°)
1.77827941003892e+03	(7.34180176399568e+01dB,1.44167158729800e+02°)
1.81970085860998e+03	(7.33394475014233e+01dB,1.43591307384236e+02°)
1.86208713666286e+03	(7.32587195991028e+01dB,1.43014218891957e+02°)
1.90546071796324e+03	(7.31758184153834e+01dB,1.42436249514249e+02°)
1.94984459975804e+03	(7.30907307323834e+01dB,1.41857762537549e+02°)
1.99526231496887e+03	(7.30034457035591e+01dB,1.41279127481683e+02°)
2.04173794466952e+03	(7.29139549169794e+01dB,1.40700719272104e+02°)
2.08929613085403e+03	(7.28222524497729e+01dB,1.40122917380886e+02°)
2.13796208950222e+03	(7.27283349133310e+01dB,1.39546104941531e+02°)
2.18776162394954e+03	(7.26322014889257e+01dB,1.38970667842952e+02°)
2.23872113856833e+03	(7.25338539534893e+01dB,1.38396993808223e+02°)
2.29086765276776e+03	(7.24332966953884e+01dB,1.37825471463851e+02°)
2.34422881531991e+03	(7.23305367201193e+01dB,1.37256489405391e+02°)
2.39883291901948e+03	(7.22255836459416e+01dB,1.36690435265271e+02°)
2.45470891568502e+03	(7.21184496895611e+01dB,1.36127694788640e+02°)
2.51188643150957e+03	(7.20091496420610e+01dB,1.35568650922896e+02°)
2.57039578276885e+03	(7.18977008353710e+01dB,1.35013682926393e+02°)
2.63026799189537e+03	(7.17841230996438e+01dB,1.34463165501565e+02°)
2.69153480392690e+03	(7.16684387119881e+01dB,1.33917467957345e+02°)
2.75422870333815e+03	(7.15506723370765e+01dB,1.33376953405451e+02°)
2.81838293126444e+03	(7.14308509602096e+01dB,1.32841977994617e+02°)
2.88403150312659e+03	(7.13090038134740e+01dB,1.32312890186444e+02°)
2.95120922666637e+03	(7.11851622956734e+01dB,1.31790030076019e+02°)
3.01995172040200e+03	(7.10593598867531e+01dB,1.31273728759927e+02°)
3.09029543251358e+03	(7.09316320574593e+01dB,1.30764307753768e+02°)
3.16227766016836e+03	(7.08020161749945e+01dB,1.30262078460740e+02°)
3.23593656929627e+03	(7.06705514054369e+01dB,1.29767341692283e+02°)
3.31131121482590e+03	(7.05372786136862e+01dB,1.29280387241287e+02°)
3.38844156139201e+03	(7.04022402616910e+01dB,1.28801493507811e+02°)
3.46736850452530e+03	(7.02654803056916e+01dB,1.28330927176795e+02°)
3.54813389233574e+03	(7.01270440931818e+01dB,1.27868942946748e+02°)
3.63078054770100e+03	(6.99869782602666e+01dB,1.27415783307984e+02°)
3.71535229097171e+03	(6.98453306300424e+01dB,1.26971678368582e+02°)
3.80189396320559e+03	(6.97021501125922e+01dB,1.26536845725858e+02°)
3.89045144994279e+03	(6.95574866071284e+01dB,1.26111490380860e+02°)
3.98107170553495e+03	(6.94113909067701e+01dB,1.25695804693095e+02°)
4.07380277804111e+03	(6.92639146063845e+01dB,1.25289968372492e+02°)
4.16869383470333e+03	(6.91151100138625e+01dB,1.24894148505403e+02°)
4.26579518801591e+03	(6.89650300651440e+01dB,1.24508499611325e+02°)
4.36515832240164e+03	(6.88137282432497e+01dB,1.24133163726902e+02°)
4.46683592150961e+03	(6.86612585015167e+01dB,1.23768270513743e+02°)
4.57088189614873e+03	(6.85076751911819e+01dB,1.23413937386540e+02°)
4.67735141287196e+03	(6.83530329934003e+01dB,1.23070269658008e+02°)
4.78630092322636e+03	(6.81973868557333e+01dB,1.22737360697212e+02°)
4.89778819368444e+03	(6.80407919330933e+01dB,1.22415292097918e+02°)
5.01187233627270e+03	(6.78833035330806e+01dB,1.22104133853728e+02°)
5.12861383991362e+03	(6.77249770656068e+01dB,1.21803944536864e+02°)
5.24807460249770e+03	(6.75658679966566e+01dB,1.21514771477640e+02°)
5.37031796370250e+03	(6.74060318060009e+01dB,1.21236650941817e+02°)
5.49540873857622e+03	(6.72455239486400e+01dB,1.20969608303217e+02°)
5.62341325190346e+03	(6.70843998197237e+01dB,1.20713658209189e+02°)
5.75439937337154e+03	(6.69227147226665e+01dB,1.20468804736701e+02°)
5.88843655355586e+03	(6.67605238401507e+01dB,1.20235041537071e+02°)
6.02559586074354e+03	(6.65978822076879e+01dB,1.20012351967571e+02°)
6.16595001861479e+03	(6.64348446893903e+01dB,1.19800709208358e+02°)
6.30957344480190e+03	(6.62714659555860e+01dB,1.19600076363441e+02°)
6.45654229034652e+03	(6.61078004619003e+01dB,1.19410406544620e+02°)
6.60693448007592e+03	(6.59439024294123e+01dB,1.19231642937565e+02°)
6.76082975391978e+03	(6.57798258254900e+01dB,1.19063718849484e+02°)
6.91830970918932e+03	(6.56156243448990e+01dB,1.18906557738033e+02°)
7.07945784384134e+03	(6.54513513907793e+01dB,1.18760073221390e+02°)
7.24435960074986e+03	(6.52870600550816e+01dB,1.18624169069675e+02°)
7.41310241300913e+03	(6.51228030980600e+01dB,1.18498739178106e+02°)
7.58577575029179e+03	(6.49586329264171e+01dB,1.18383667522577e+02°)
7.76247116628687e+03	(6.47946015697104e+01dB,1.18278828098563e+02°)
7.94328234724277e+03	(6.46307606546351e+01dB,1.18184084844506e+02°)
8.12830516164094e+03	(6.44671613768110e+01dB,1.18099291551087e+02°)
8.31763771102666e+03	(6.43038544697177e+01dB,1.18024291758041e+02°)
8.51138038202371e+03	(6.41408901704402e+01dB,1.17958918640393e+02°)
8.70963589956075e+03	(6.39783181819066e+01dB,1.17902994886240e+02°)
8.91250938133740e+03	(6.38161876313267e+01dB,1.17856332568436e+02°)
9.12010839355904e+03	(6.36545470245643e+01dB,1.17818733012764e+02°)
9.33254300796985e+03	(6.34934441962114e+01dB,1.17789986665369e+02°)
9.54992586021430e+03	(6.33329262551609e+01dB,1.17769872962477e+02°)
9.77237220955804e+03	(6.31730395255188e+01dB,1.17758160205559e+02°)
9.99999999999993e+03	(6.30138294827324e+01dB,1.17754605445324e+02°)
1.02329299228075e+04	(6.28553406848590e+01dB,1.17758954378055e+02°)
1.04712854805089e+04	(6.26976166989473e+01dB,1.17770941257940e+02°)
1.07151930523760e+04	(6.25407000225532e+01dB,1.17790288829177e+02°)
1.09647819614318e+04	(6.23846320004679e+01dB,1.17816708281697e+02°)
1.12201845430196e+04	(6.22294527367941e+01dB,1.17849899234410e+02°)
1.14815362149688e+04	(6.20752010025616e+01dB,1.17889549749914e+02°)
1.17489755493952e+04	(6.19219141391416e+01dB,1.17935336384564e+02°)
1.20226443461740e+04	(6.17696279577757e+01dB,1.17986924277757e+02°)
1.23026877081237e+04	(6.16183766356045e+01dB,1.18043967284192e+02°)
1.25892541179416e+04	(6.14681926086432e+01dB,1.18106108152712e+02°)
1.28824955169313e+04	(6.13191064622150e+01dB,1.18172978755154e+02°)
1.31825673855640e+04	(6.11711468194183e+01dB,1.18244200368379e+02°)
1.34896288259164e+04	(6.10243402282609e+01dB,1.18319384012391e+02°)
1.38038426460288e+04	(6.08787110481564e+01dB,1.18398130847106e+02°)
1.41253754462274e+04	(6.07342813365271e+01dB,1.18480032629942e+02°)
1.44543977074592e+04	(6.05910707363114e+01dB,1.18564672235993e+02°)
1.47910838816820e+04	(6.04490963652131e+01dB,1.18651624242070e+02°)
1.51356124843620e+04	(6.03083727075689e+01dB,1.18740455575373e+02°)
1.54881661891247e+04	(6.01689115097384e+01dB,1.18830726227028e+02°)
1.58489319246110e+04	(6.00307216799416e+01dB,1.18921990030137e+02°)
1.62181009735892e+04	(5.98938091934818e+01dB,1.19013795501400e+02°)
1.65958690743755e+04	(5.97581770042913e+01dB,1.19105686744727e+02°)
1.69824365246173e+04	(5.96238249637328e+01dB,1.19197204414673e+02°)
1.73780082874936e+04	(5.94907497475686e+01dB,1.19287886736853e+02°)
1.77827941003891e+04	(5.93589447919822e+01dB,1.19377270581915e+02°)
1.81970085860997e+04	(5.92284002394979e+01dB,1.19464892589000e+02°)
1.86208713666285e+04	(5.90991028955943e+01dB,1.19550290334081e+02°)
1.90546071796323e+04	(5.89710361967497e+01dB,1.19633003537971e+02°)
1.94984459975803e+04	(5.88441801905874e+01dB,1.19712575308307e+02°)
1.99526231496887e+04	(5.87185115287145e+01dB,1.19788553409342e+02°)
2.04173794466951e+04	(5.85940034727620e+01dB,1.19860491552952e+02°)
2.08929613085402e+04	(5.84706259140432e+01dB,1.19927950703919e+02°)
2.13796208950222e+04	(5.83483454071514e+01dB,1.19990500392250e+02°)
2.18776162394954e+04	(5.82271252177167e+01dB,1.20047720025059e+02°)
2.23872113856832e+04	(5.81069253844386e+01dB,1.20099200190404e+02°)
2.29086765276776e+04	(5.79877027954033e+01dB,1.20144543945337e+02°)
2.34422881531990e+04	(5.78694112785899e+01dB,1.20183368080464e+02°)
2.39883291901947e+04	(5.77520017063635e+01dB,1.20215304353316e+02°)
2.45470891568501e+04	(5.76354221136474e+01dB,1.20240000682981e+02°)
2.51188643150956e+04	(5.75196178293665e+01dB,1.20257122298611e+02°)
2.57039578276884e+04	(5.74045316206563e+01dB,1.20266352834698e+02°)
2.63026799189536e+04	(5.72901038492370e+01dB,1.20267395366275e+02°)
2.69153480392689e+04	(5.71762726392659e+01dB,1.20259973377587e+02°)
2.75422870333814e+04	(5.70629740558989e+01dB,1.20243831658179e+02°)
2.81838293126443e+04	(5.69501422937161e+01dB,1.20218737120783e+02°)
2.88403150312658e+04	(5.68377098740978e+01dB,1.20184479535891e+02°)
2.95120922666636e+04	(5.67256078505758e+01dB,1.20140872178401e+02°)
3.01995172040199e+04	(5.66137660211320e+01dB,1.20087752382305e+02°)
3.09029543251357e+04	(5.65021131463669e+01dB,1.20024981999908e+02°)
3.16227766016835e+04	(5.63905771724233e+01dB,1.19952447762721e+02°)
3.23593656929626e+04	(5.62790854575203e+01dB,1.19870061541721e+02°)
3.31131121482588e+04	(5.61675650009234e+01dB,1.19777760505328e+02°)
3.38844156139200e+04	(5.60559426731673e+01dB,1.19675507174050e+02°)
3.46736850452529e+04	(5.59441454463321e+01dB,1.19563289371412e+02°)
3.54813389233573e+04	(5.58321006231767e+01dB,1.19441120071366e+02°)
3.63078054770098e+04	(5.57197360639365e+01dB,1.19309037143075e+02°)
3.71535229097169e+04	(5.56069804096076e+01dB,1.19167102994548e+02°)
3.80189396320558e+04	(5.54937633005597e+01dB,1.19015404117235e+02°)
3.89045144994277e+04	(5.53800155893488e+01dB,1.18854050534324e+02°)
3.98107170553494e+04	(5.52656695466361e+01dB,1.18683175156056e+02°)
4.07380277804109e+04	(5.51506590591655e+01dB,1.18502933045966e+02°)
4.16869383470332e+04	(5.50349198187993e+01dB,1.18313500602523e+02°)
4.26579518801589e+04	(5.49183895016745e+01dB,1.18115074661158e+02°)
4.36515832240162e+04	(5.48010079366045e+01dB,1.17907871522198e+02°)
4.46683592150959e+04	(5.46827172619256e+01dB,1.17692125910663e+02°)
4.57088189614871e+04	(5.45634620700671e+01dB,1.17468089874333e+02°)
4.67735141287194e+04	(5.44431895392076e+01dB,1.17236031626849e+02°)
4.78630092322634e+04	(5.43218495514744e+01dB,1.16996234342960e+02°)
4.89778819368442e+04	(5.41993947972351e+01dB,1.16748994913301e+02°)
5.01187233627268e+04	(5.40757808651351e+01dB,1.16494622666271e+02°)
5.12861383991360e+04	(5.39509663176331e+01dB,1.16233438064781e+02°)
5.24807460249768e+04	(5.38249127518971e+01dB,1.15965771385668e+02°)
5.37031796370248e+04	(5.36975848460255e+01dB,1.15691961389627e+02°)
5.49540873857620e+04	(5.35689503906677e+01dB,1.15412353989446e+02°)
5.62341325190344e+04	(5.34389803062213e+01dB,1.15127300924181e+02°)
5.75439937337152e+04	(5.33076486458857e+01dB,1.14837158446747e+02°)
5.88843655355584e+04	(5.31749325849508e+01dB,1.14542286032103e+02°)
6.02559586074352e+04	(5.30408123967936e+01dB,1.14243045112922e+02°)
6.16595001861477e+04	(5.29052714161394e+01dB,1.13939797849196e+02°)
6.30957344480187e+04	(5.27682959902292e+01dB,1.13632905937846e+02°)
6.45654229034650e+04	(5.26298754186025e+01dB,1.13322729467862e+02°)
6.60693448007590e+04	(5.24900018822701e+01dB,1.13009625826013e+02°)
6.76082975391975e+04	(5.23486703631044e+01dB,1.12693948657561e+02°)
6.91830970918930e+04	(5.22058785543183e+01dB,1.12376046885862e+02°)
7.07945784384131e+04	(5.20616267629371e+01dB,1.12056263794098e+02°)
7.24435960074983e+04	(5.19159178051912e+01dB,1.11734936171787e+02°)
7.41310241300911e+04	(5.17687568957708e+01dB,1.11412393528093e+02°)
7.58577575029177e+04	(5.16201515318856e+01dB,1.11088957373345e+02°)
7.76247116628685e+04	(5.14701113730658e+01dB,1.10764940569594e+02°)
7.94328234724274e+04	(5.13186481176282e+01dB,1.10440646750441e+02°)
8.12830516164092e+04	(5.11657753767015e+01dB,1.10116369809836e+02°)
8.31763771102663e+04	(5.10115085466795e+01dB,1.09792393459047e+02°)
8.51138038202369e+04	(5.08558646809278e+01dB,1.09468990850489e+02°)
8.70963589956073e+04	(5.06988623615277e+01dB,1.09146424266718e+02°)
8.91250938133737e+04	(5.05405215717910e+01dB,1.08824944872458e+02°)
9.12010839355901e+04	(5.03808635702277e+01dB,1.08504792527227e+02°)
9.33254300796982e+04	(5.02199107665894e+01dB,1.08186195655810e+02°)
9.54992586021427e+04	(5.00576866005566e+01dB,1.07869371173586e+02°)
9.77237220955802e+04	(4.98942154235762e+01dB,1.07554524463521e+02°)
9.99999999999991e+04	(4.97295223842956e+01dB,1.07241849401486e+02°)
1.02329299228074e+05	(4.95636333179827e+01dB,1.06931528426437e+02°)
1.04712854805089e+05	(4.93965746402588e+01dB,1.06623732651936e+02°)
1.07151930523760e+05	(4.92283732454185e+01dB,1.06318622015466e+02°)
1.09647819614317e+05	(4.90590564095542e+01dB,1.06016345461991e+02°)
1.12201845430195e+05	(4.88886516986492e+01dB,1.05717041158246e+02°)
1.14815362149687e+05	(4.87171868817597e+01dB,1.05420836734333e+02°)
1.17489755493952e+05	(4.85446898493537e+01dB,1.05127849549262e+02°)
1.20226443461740e+05	(4.83711885368385e+01dB,1.04838186977214e+02°)
1.23026877081237e+05	(4.81967108532670e+01dB,1.04551946711428e+02°)
1.25892541179416e+05	(4.80212846151774e+01dB,1.04269217082751e+02°)
1.28824955169312e+05	(4.78449374854943e+01dB,1.03990077390082e+02°)
1.31825673855639e+05	(4.76676969173858e+01dB,1.03714598240070e+02°)
1.34896288259164e+05	(4.74895901029527e+01dB,1.03442841893629e+02°)
1.38038426460287e+05	(4.73106439266016e+01dB,1.03174862617004e+02°)
1.41253754462274e+05	(4.71308849229401e+01dB,1.02910707035301e+02°)
1.44543977074591e+05	(4.69503392390149e+01dB,1.02650414486560e+02°)
1.47910838816819e+05	(4.67690326007058e+01dB,1.02394017374661e+02°)
1.51356124843619e+05	(4.65869902830774e+01dB,1.02141541519480e+02°)
1.54881661891247e+05	(4.64042370844871e+01dB,1.01893006502912e+02°)
1.58489319246110e+05	(4.62207973042420e+01dB,1.01648426009526e+02°)
1.62181009735891e+05	(4.60366947235973e+01dB,1.01407808160767e+02°)
1.65958690743754e+05	(4.58519525898884e+01dB,1.01171155841774e+02°)
1.69824365246173e+05	(4.56665936035909e+01dB,1.00938467019996e+02°)
1.73780082874936e+05	(4.54806399081053e+01dB,1.00709735054963e+02°)
1.77827941003890e+05	(4.52941130820686e+01dB,1.00484948998619e+02°)
1.81970085860996e+05	(4.51070341339990e+01dB,1.00264093885805e+02°)
1.86208713666285e+05	(4.49194234990869e+01dB,1.00047151014523e+02°)
1.90546071796323e+05	(4.47313010379537e+01dB,9.98340982157404e+01°)
1.94984459975802e+05	(4.45426860372024e+01dB,9.96249101125586e+01°)
1.99526231496886e+05	(4.43535972115984e+01dB,9.94195583686533e+01°)
2.04173794466951e+05	(4.41640527077220e+01dB,9.92180119259581e+01°)
2.08929613085402e+05	(4.39740701089433e+01dB,9.90202372316233e+01°)
2.13796208950221e+05	(4.37836664415805e+01dB,9.88261984543352e+01°)
2.18776162394953e+05	(4.35928581821090e+01dB,9.86358576901273e+01°)
2.23872113856832e+05	(4.34016612652961e+01dB,9.84491751578542e+01°)
2.29086765276775e+05	(4.32100910931481e+01dB,9.82661093845347e+01°)
2.34422881531990e+05	(4.30181625445590e+01dB,9.80866173807981e+01°)
2.39883291901946e+05	(4.28258899855624e+01dB,9.79106548066933e+01°)
2.45470891568500e+05	(4.26332872800936e+01dB,9.77381761281398e+01°)
2.51188643150955e+05	(4.24403678011756e+01dB,9.75691347643151e+01°)
2.57039578276884e+05	(4.22471444424508e+01dB,9.74034832262848e+01°)
2.63026799189535e+05	(4.20536296299858e+01dB,9.72411732471934e+01°)
2.69153480392689e+05	(4.18598353342840e+01dB,9.70821559043352e+01°)
2.75422870333814e+05	(4.16657730824443e+01dB,9.69263817334326e+01°)
2.81838293126442e+05	(4.14714539704140e+01dB,9.67738008354473e+01°)
2.88403150312657e+05	(4.12768886752835e+01dB,9.66243629762509e+01°)
2.95120922666635e+05	(4.10820874675806e+01dB,9.64780176794775e+01°)
3.01995172040198e+05	(4.08870602235242e+01dB,9.63347143128775e+01°)
3.09029543251356e+05	(4.06918164372007e+01dB,9.61944021684863e+01°)
3.16227766016834e+05	(4.04963652326335e+01dB,9.60570305369153e+01°)
3.23593656929625e+05	(4.03007153757156e+01dB,9.59225487760650e+01°)
3.31131121482587e+05	(4.01048752859830e+01dB,9.57909063745522e+01°)
3.38844156139199e+05	(3.99088530482057e+01dB,9.56620530101334e+01°)
3.46736850452528e+05	(3.97126564237797e+01dB,9.55359386034006e+01°)
3.54813389233571e+05	(3.95162928619028e+01dB,9.54125133670114e+01°)
3.63078054770097e+05	(3.93197695105221e+01dB,9.52917278507103e+01°)
3.71535229097168e+05	(3.91230932270413e+01dB,9.51735329823847e+01°)
3.80189396320557e+05	(3.89262705887797e+01dB,9.50578801053916e+01°)
3.89045144994276e+05	(3.87293079031747e+01dB,9.49447210123790e+01°)
3.98107170553493e+05	(3.85322112177238e+01dB,9.48340079758181e+01°)
4.07380277804108e+05	(3.83349863296601e+01dB,9.47256937754513e+01°)
4.16869383470331e+05	(3.81376387953609e+01dB,9.46197317228509e+01°)
4.26579518801588e+05	(3.79401739394866e+01dB,9.45160756832767e+01°)
4.36515832240161e+05	(3.77425968638496e+01dB,9.44146800950074e+01°)
4.46683592150958e+05	(3.75449124560148e+01dB,9.43154999863153e+01°)
4.57088189614870e+05	(3.73471253976325e+01dB,9.42184909902436e+01°)
4.67735141287193e+05	(3.71492401725059e+01dB,9.41236093573364e+01°)
4.78630092322633e+05	(3.69512610743968e+01dB,9.40308119664653e+01°)
4.89778819368440e+05	(3.67531922145720e+01dB,9.39400563338868e+01°)
5.01187233627266e+05	(3.65550375290956e+01dB,9.38513006206583e+01°)
5.12861383991359e+05	(3.63568007858708e+01dB,9.37645036385328e+01°)
5.24807460249766e+05	(3.61584855914361e+01dB,9.36796248544454e+01°)
5.37031796370246e+05	(3.59600953975216e+01dB,9.35966243936992e+01°)
5.49540873857618e+05	(3.57616335073695e+01dB,9.35154630419491e+01°)
5.62341325190342e+05	(3.55631030818260e+01dB,9.34361022460797e+01°)
5.75439937337150e+05	(3.53645071452093e+01dB,9.33585041140643e+01°)
5.88843655355582e+05	(3.51658485909589e+01dB,9.32826314138898e+01°)
6.02559586074350e+05	(3.49671301870745e+01dB,9.32084475716229e+01°)
6.16595001861474e+05	(3.47683545813469e+01dB,9.31359166686938e+01°)
6.30957344480185e+05	(3.45695243063908e+01dB,9.30650034384623e+01°)
6.45654229034647e+05	(3.43706417844826e+01dB,9.29956732621331e+01°)
6.60693448007588e+05	(3.41717093322099e+01dB,9.29278921640780e+01°)
6.76082975391973e+05	(3.39727291649397e+01dB,9.28616268066219e+01°)
6.91830970918928e+05	(3.37737034011102e+01dB,9.27968444843443e+01°)
7.07945784384129e+05	(3.35746340663516e+01dB,9.27335131179445e+01°)
7.24435960074981e+05	(3.33755230974430e+01dB,9.26716012477163e+01°)
7.41310241300908e+05	(3.31763723461098e+01dB,9.26110780266740e+01°)
7.58577575029174e+05	(3.29771835826678e+01dB,9.25519132133686e+01°)
7.76247116628682e+05	(3.27779584995191e+01dB,9.24940771644312e+01°)
7.94328234724271e+05	(3.25786987145051e+01dB,9.24375408268764e+01°)
8.12830516164089e+05	(3.23794057741224e+01dB,9.23822757301987e+01°)
8.31763771102660e+05	(3.21800811566053e+01dB,9.23282539782887e+01°)
8.51138038202365e+05	(3.19807262748816e+01dB,9.22754482411981e+01°)
8.70963589956069e+05	(3.17813424794047e+01dB,9.22238317467775e+01°)
8.91250938133734e+05	(3.15819310608680e+01dB,9.21733782722090e+01°)
9.12010839355898e+05	(3.13824932528053e+01dB,9.21240621354573e+01°)
9.33254300796979e+05	(3.11830302340826e+01dB,9.20758581866562e+01°)
9.54992586021423e+05	(3.09835431312836e+01dB,9.20287417994504e+01°)
9.77237220955797e+05	(3.07840330209956e+01dB,9.19826888623082e+01°)
9.99999999999986e+05	(3.05845009319974e+01dB,9.19376757698211e+01°)
1.02329299228074e+06	(3.03849478473549e+01dB,9.18936794140029e+01°)
1.04712854805089e+06	(3.01853747064266e+01dB,9.18506771756025e+01°)
1.07151930523759e+06	(2.99857824067842e+01dB,9.18086469154422e+01°)
1.09647819614317e+06	(2.97861718060497e+01dB,9.17675669657901e+01°)
1.12201845430195e+06	(2.95865437236546e+01dB,9.17274161217787e+01°)
1.14815362149687e+06	(2.93868989425231e+01dB,9.16881736328770e+01°)
1.17489755493951e+06	(2.91872382106823e+01dB,9.16498191944252e+01°)
1.20226443461740e+06	(2.89875622428029e+01dB,9.16123329392378e+01°)
1.23026877081236e+06	(2.87878717216737e+01dB,9.15756954292826e+01°)
1.25892541179415e+06	(2.85881672996113e+01dB,9.15398876474414e+01°)
1.28824955169312e+06	(2.83884495998090e+01dB,9.15048909893574e+01°)
1.31825673855639e+06	(2.81887192176273e+01dB,9.14706872553737e+01°)
1.34896288259163e+06	(2.79889767218269e+01dB,9.14372586425671e+01°)
1.38038426460287e+06	(2.77892226557496e+01dB,9.14045877368811e+01°)
1.41253754462273e+06	(2.75894575384458e+01dB,9.13726575053613e+01°)
1.44543977074591e+06	(2.73896818657543e+01dB,9.13414512884954e+01°)
1.47910838816819e+06	(2.71898961113330e+01dB,9.13109527926600e+01°)
1.51356124843619e+06	(2.69901007276460e+01dB,9.12811460826778e+01°)
1.54881661891246e+06	(2.67902961469063e+01dB,9.12520155744842e+01°)
1.58489319246109e+06	(2.65904827819773e+01dB,9.12235460279072e+01°)
1.62181009735891e+06	(2.63906610272348e+01dB,9.11957225395601e+01°)
1.65958690743754e+06	(2.61908312593904e+01dB,9.11685305358479e+01°)
1.69824365246172e+06	(2.59909938382797e+01dB,9.11419557660888e+01°)
1.73780082874935e+06	(2.57911491076140e+01dB,9.11159842957507e+01°)
1.77827941003890e+06	(2.55912973957007e+01dB,9.10906024998019e+01°)
1.81970085860996e+06	(2.53914390161301e+01dB,9.10657970561779e+01°)
1.86208713666284e+06	(2.51915742684330e+01dB,9.10415549393620e+01°)
1.90546071796322e+06	(2.49917034387087e+01dB,9.10178634140812e+01°)
1.94984459975802e+06	(2.47918268002250e+01dB,9.09947100291152e+01°)
1.99526231496885e+06	(2.45919446139916e+01dB,9.09720826112195e+01°)
2.04173794466950e+06	(2.43920571293086e+01dB,9.09499692591601e+01°)
2.08929613085401e+06	(2.41921645842901e+01dB,9.09283583378607e+01°)
2.13796208950220e+06	(2.39922672063642e+01dB,9.09072384726602e+01°)
2.18776162394952e+06	(2.37923652127520e+01dB,9.08865985436801e+01°)
2.23872113856831e+06	(2.35924588109237e+01dB,9.08664276803001e+01°)
2.29086765276774e+06	(2.33925481990357e+01dB,9.08467152557419e+01°)
2.34422881531989e+06	(2.31926335663474e+01dB,9.08274508817582e+01°)
2.39883291901946e+06	(2.29927150936200e+01dB,9.08086244034275e+01°)
2.45470891568499e+06	(2.27927929534970e+01dB,9.07902258940521e+01°)
2.51188643150954e+06	(2.25928673108682e+01dB,9.07722456501581e+01°)
2.57039578276883e+06	(2.23929383232168e+01dB,9.07546741865966e+01°)
2.63026799189534e+06	(2.21930061409522e+01dB,9.07375022317442e+01°)
2.69153480392688e+06	(2.19930709077264e+01dB,9.07207207228014e+01°)
2.75422870333813e+06	(2.17931327607374e+01dB,9.07043208011872e+01°)
2.81838293126441e+06	(2.15931918310187e+01dB,9.06882938080290e+01°)
2.88403150312656e+06	(2.13932482437158e+01dB,9.06726312797459e+01°)
2.95120922666634e+06	(2.11933021183502e+01dB,9.06573249437236e+01°)
3.01995172040197e+06	(2.09933535690720e+01dB,9.06423667140804e+01°)
3.09029543251354e+06	(2.07934027049010e+01dB,9.06277486875213e+01°)
3.16227766016833e+06	(2.05934496299566e+01dB,9.06134631392800e+01°)
3.23593656929623e+06	(2.03934944436782e+01dB,9.05995025191466e+01°)
3.31131121482586e+06	(2.01935372410350e+01dB,9.05858594475795e+01°)
3.38844156139197e+06	(1.99935781127270e+01dB,9.05725267119004e+01°)
3.46736850452526e+06	(1.97936171453763e+01dB,9.05594972625701e+01°)
3.54813389233570e+06	(1.95936544217108e+01dB,9.05467642095450e+01°)
3.63078054770096e+06	(1.93936900207386e+01dB,9.05343208187107e+01°)
3.71535229097167e+06	(1.91937240179154e+01dB,9.05221605083935e+01°)
3.80189396320555e+06	(1.89937564853038e+01dB,9.05102768459469e+01°)
3.89045144994275e+06	(1.87937874917260e+01dB,9.04986635444118e+01°)
3.98107170553491e+06	(1.85938171029093e+01dB,9.04873144592496e+01°)
4.07380277804106e+06	(1.83938453816253e+01dB,9.04762235851462e+01°)
4.16869383470329e+06	(1.81938723878223e+01dB,9.04653850528856e+01°)
4.26579518801586e+06	(1.79938981787527e+01dB,9.04547931262920e+01°)
4.36515832240159e+06	(1.77939228090937e+01dB,9.04444421992387e+01°)
4.46683592150956e+06	(1.75939463310634e+01dB,9.04343267927229e+01°)
4.57088189614868e+06	(1.73939687945313e+01dB,9.04244415520041e+01°)
4.67735141287191e+06	(1.71939902471235e+01dB,9.04147812438062e+01°)
4.78630092322631e+06	(1.69940107343241e+01dB,9.04053407535809e+01°)
4.89778819368438e+06	(1.67940302995710e+01dB,9.03961150828313e+01°)
5.01187233627264e+06	(1.65940489843482e+01dB,9.03870993464954e+01°)
5.12861383991357e+06	(1.63940668282736e+01dB,9.03782887703864e+01°)
5.24807460249764e+06	(1.61940838691828e+01dB,9.03696786886911e+01°)
5.37031796370244e+06	(1.59941001432094e+01dB,9.03612645415224e+01°)
5.49540873857616e+06	(1.57941156848612e+01dB,9.03530418725272e+01°)
5.62341325190340e+06	(1.55941305270938e+01dB,9.03450063265471e+01°)
5.75439937337148e+06	(1.53941447013801e+01dB,9.03371536473311e+01°)
5.88843655355579e+06	(1.51941582377769e+01dB,9.03294796752995e+01°)
6.02559586074348e+06	(1.49941711649889e+01dB,9.03219803453577e+01°)
6.16595001861472e+06	(1.47941835104292e+01dB,9.03146516847585e+01°)
6.30957344480183e+06	(1.45941953002775e+01dB,9.03074898110125e+01°)
6.45654229034645e+06	(1.43942065595357e+01dB,9.03004909298452e+01°)
6.60693448007585e+06	(1.41942173120807e+01dB,9.02936513331995e+01°)
6.76082975391971e+06	(1.39942275807152e+01dB,9.02869673972835e+01°)
6.91830970918925e+06	(1.37942373872157e+01dB,9.02804355806616e+01°)
7.07945784384126e+06	(1.35942467523790e+01dB,9.02740524223885e+01°)
7.24435960074978e+06	(1.33942556960660e+01dB,9.02678145401857e+01°)
7.41310241300905e+06	(1.31942642372441e+01dB,9.02617186286576e+01°)
7.58577575029171e+06	(1.29942723940271e+01dB,9.02557614575495e+01°)
7.76247116628679e+06	(1.27942801837138e+01dB,9.02499398700431e+01°)
7.94328234724268e+06	(1.25942876228245e+01dB,9.02442507810913e+01°)
8.12830516164086e+06	(1.23942947271362e+01dB,9.02386911757904e+01°)
8.31763771102657e+06	(1.21943015117159e+01dB,9.02332581077889e+01°)
8.51138038202362e+06	(1.19943079909526e+01dB,9.02279486977318e+01°)
8.70963589956066e+06	(1.17943141785879e+01dB,9.02227601317405e+01°)
8.91250938133731e+06	(1.15943200877448e+01dB,9.02176896599265e+01°)
9.12010839355894e+06	(1.13943257309561e+01dB,9.02127345949396e+01°)
9.33254300796975e+06	(1.11943311201902e+01dB,9.02078923105472e+01°)
9.54992586021420e+06	(1.09943362668774e+01dB,9.02031602402473e+01°)
9.77237220955794e+06	(1.07943411819331e+01dB,9.01985358759122e+01°)
9.99999999999983e+06	(1.05943458757820e+01dB,9.01940167664625e+01°)
1.02329299228074e+07	(1.03943503583793e+01dB,9.01896005165718e+01°)
1.04712854805088e+07	(1.01943546392323e+01dB,9.01852847853999e+01°)
1.07151930523759e+07	(9.99435872742052e+00dB,9.01810672853555e+01°)
1.09647819614317e+07	(9.79436263161483e+00dB,9.01769457808861e+01°)
1.12201845430194e+07	(9.59436636009590e+00dB,9.01729180872960e+01°)
1.14815362149686e+07	(9.39436992077173e+00dB,9.01689820695904e+01°)
1.17489755493951e+07	(9.19437332119443e+00dB,9.01651356413462e+01°)
1.20226443461739e+07	(8.99437656857627e+00dB,9.01613767636079e+01°)
1.23026877081236e+07	(8.79437966980493e+00dB,9.01577034438091e+01°)
1.25892541179415e+07	(8.59438263145810e+00dB,9.01541137347181e+01°)
1.28824955169311e+07	(8.39438545981748e+00dB,9.01506057334069e+01°)
1.31825673855638e+07	(8.19438816088205e+00dB,9.01471775802448e+01°)
1.34896288259163e+07	(7.99439074038081e+00dB,9.01438274579136e+01°)
1.38038426460286e+07	(7.79439320378494e+00dB,9.01405535904458e+01°)
1.41253754462273e+07	(7.59439555631939e+00dB,9.01373542422844e+01°)
1.44543977074590e+07	(7.39439780297395e+00dB,9.01342277173642e+01°)
1.47910838816818e+07	(7.19439994851388e+00dB,9.01311723582137e+01°)
1.51356124843618e+07	(6.99440199748994e+00dB,9.01281865450775e+01°)
1.54881661891245e+07	(6.79440395424811e+00dB,9.01252686950585e+01°)
1.58489319246109e+07	(6.59440582293877e+00dB,9.01224172612802e+01°)
1.62181009735890e+07	(6.39440760752552e+00dB,9.01196307320666e+01°)
1.65958690743753e+07	(6.19440931179356e+00dB,9.01169076301426e+01°)
1.69824365246171e+07	(5.99441093935775e+00dB,9.01142465118508e+01°)
1.73780082874934e+07	(5.79441249367025e+00dB,9.01116459663873e+01°)
1.77827941003889e+07	(5.59441397802787e+00dB,9.01091046150543e+01°)
1.81970085860995e+07	(5.39441539557903e+00dB,9.01066211105299e+01°)
1.86208713666283e+07	(5.19441674933047e+00dB,9.01041941361539e+01°)
1.90546071796321e+07	(4.99441804215359e+00dB,9.01018224052309e+01°)
1.94984459975801e+07	(4.79441927679057e+00dB,9.00995046603485e+01°)
1.99526231496884e+07	(4.59442045586018e+00dB,9.00972396727108e+01°)
2.04173794466949e+07	(4.39442158186332e+00dB,9.00950262414878e+01°)
2.08929613085400e+07	(4.19442265718833e+00dB,9.00928631931788e+01°)
2.13796208950219e+07	(3.99442368411609e+00dB,9.00907493809909e+01°)
2.18776162394951e+07	(3.79442466482479e+00dB,9.00886836842311e+01°)
2.23872113856830e+07	(3.59442560139461e+00dB,9.00866650077128e+01°)
2.29086765276773e+07	(3.39442649581210e+00dB,9.00846922811752e+01°)
2.34422881531988e+07	(3.19442734997440e+00dB,9.00827644587161e+01°)
2.39883291901945e+07	(2.99442816569328e+00dB,9.00808805182381e+01°)
2.45470891568498e+07	(2.79442894469896e+00dB,9.00790394609063e+01°)
2.50000000000000e+07	(2.63562936473998e+00dB,9.00776075537607e+01°)
