50000;9,33E-01;-2,40E-02;-3,29E-06;4,29E-06;0,00E+00;0,00E+00;0,00E+00;0,00E+00
74389;9,27E-01;-3,18E-02;6,07E-06;-4,09E-06;0,00E+00;0,00E+00;0,00E+00;0,00E+00
98778;9,24E-01;-4,10E-02;5,45E-06;-3,02E-06;0,00E+00;0,00E+00;0,00E+00;0,00E+00
123167;9,20E-01;-5,04E-02;-1,65E-05;-6,09E-06;0,00E+00;0,00E+00;0,00E+00;0,00E+00
147556;9,15E-01;-5,92E-02;-1,34E-05;-4,37E-06;0,00E+00;0,00E+00;0,00E+00;0,00E+00
171945;8,88E-01;-1,19E-01;-1,82E-05;-1,09E-05;0,00E+00;0,00E+00;0,00E+00;0,00E+00
196334;8,80E-01;-1,26E-01;1,63E-05;-6,58E-06;0,00E+00;0,00E+00;0,00E+00;0,00E+00
220723;8,72E-01;-1,31E-01;-2,83E-06;-8,96E-06;0,00E+00;0,00E+00;0,00E+00;0,00E+00
245112;8,63E-01;-1,35E-01;-5,22E-06;-1,46E-05;0,00E+00;0,00E+00;0,00E+00;0,00E+00
269501;8,53E-01;-1,37E-01;-1,14E-05;1,25E-05;0,00E+00;0,00E+00;0,00E+00;0,00E+00
293891;8,46E-01;-1,38E-01;7,34E-06;-9,80E-06;0,00E+00;0,00E+00;0,00E+00;0,00E+00
318280;8,38E-01;-1,37E-01;-8,45E-06;5,03E-06;0,00E+00;0,00E+00;0,00E+00;0,00E+00
342669;8,31E-01;-1,35E-01;6,48E-06;-1,85E-05;0,00E+00;0,00E+00;0,00E+00;0,00E+00
367058;8,25E-01;-1,34E-01;1,43E-05;1,05E-05;0,00E+00;0,00E+00;0,00E+00;0,00E+00
391447;8,21E-01;-1,31E-01;-5,48E-06;-5,29E-06;0,00E+00;0,00E+00;0,00E+00;0,00E+00
415836;8,31E-01;-5,98E-02;-8,41E-06;-1,38E-05;0,00E+00;0,00E+00;0,00E+00;0,00E+00
440225;8,28E-01;-5,75E-02;2,74E-06;-3,81E-06;0,00E+00;0,00E+00;0,00E+00;0,00E+00
464614;8,25E-01;-5,53E-02;3,60E-05;-7,23E-06;0,00E+00;0,00E+00;0,00E+00;0,00E+00
489003;8,23E-01;-5,44E-02;-2,08E-05;-8,86E-06;0,00E+00;0,00E+00;0,00E+00;0,00E+00
513392;8,23E-01;-5,21E-02;2,15E-06;3,23E-05;0,00E+00;0,00E+00;0,00E+00;0,00E+00
537781;8,20E-01;-5,13E-02;-8,86E-06;-1,38E-05;0,00E+00;0,00E+00;0,00E+00;0,00E+00
562170;8,21E-01;-4,99E-02;1,60E-06;1,06E-05;0,00E+00;0,00E+00;0,00E+00;0,00E+00
586559;8,20E-01;-4,98E-02;-3,02E-05;-1,90E-05;0,00E+00;0,00E+00;0,00E+00;0,00E+00
610948;8,21E-01;-4,92E-02;-1,39E-05;4,71E-05;0,00E+00;0,00E+00;0,00E+00;0,00E+00
635337;8,19E-01;-4,82E-02;-1,85E-05;-2,35E-05;0,00E+00;0,00E+00;0,00E+00;0,00E+00
659726;8,20E-01;-4,80E-02;4,09E-05;-2,84E-05;0,00E+00;0,00E+00;0,00E+00;0,00E+00
684115;8,20E-01;-4,90E-02;-3,15E-05;1,67E-05;0,00E+00;0,00E+00;0,00E+00;0,00E+00
708504;8,20E-01;-4,83E-02;-4,42E-05;1,64E-05;0,00E+00;0,00E+00;0,00E+00;0,00E+00
732893;8,20E-01;-4,88E-02;2,68E-05;3,10E-05;0,00E+00;0,00E+00;0,00E+00;0,00E+00
757283;8,20E-01;-4,97E-02;1,53E-05;5,86E-05;0,00E+00;0,00E+00;0,00E+00;0,00E+00
781672;8,20E-01;-5,03E-02;8,94E-06;1,54E-05;0,00E+00;0,00E+00;0,00E+00;0,00E+00
806061;8,20E-01;-5,01E-02;-1,44E-05;2,95E-05;0,00E+00;0,00E+00;0,00E+00;0,00E+00
830450;8,20E-01;-5,17E-02;-3,88E-06;2,49E-05;0,00E+00;0,00E+00;0,00E+00;0,00E+00
854839;8,20E-01;-5,17E-02;-2,35E-06;-4,06E-05;0,00E+00;0,00E+00;0,00E+00;0,00E+00
879228;8,20E-01;-5,30E-02;-3,74E-05;-2,58E-05;0,00E+00;0,00E+00;0,00E+00;0,00E+00
903617;8,19E-01;-5,34E-02;9,03E-06;-4,17E-05;0,00E+00;0,00E+00;0,00E+00;0,00E+00
928006;8,20E-01;-5,53E-02;2,07E-05;-2,20E-05;0,00E+00;0,00E+00;0,00E+00;0,00E+00
952395;8,19E-01;-5,58E-02;-2,39E-05;-1,40E-06;0,00E+00;0,00E+00;0,00E+00;0,00E+00
976784;8,20E-01;-5,70E-02;8,63E-06;-3,05E-05;0,00E+00;0,00E+00;0,00E+00;0,00E+00
1001173;8,19E-01;-5,80E-02;1,34E-05;-4,36E-06;0,00E+00;0,00E+00;0,00E+00;0,00E+00
1025562;8,20E-01;-5,90E-02;-6,16E-07;-2,21E-05;0,00E+00;0,00E+00;0,00E+00;0,00E+00
1049951;8,19E-01;-6,02E-02;3,36E-05;1,71E-05;0,00E+00;0,00E+00;0,00E+00;0,00E+00
1074340;8,19E-01;-6,20E-02;2,23E-05;-1,40E-05;0,00E+00;0,00E+00;0,00E+00;0,00E+00
1098729;8,19E-01;-6,23E-02;6,48E-05;-6,54E-07;0,00E+00;0,00E+00;0,00E+00;0,00E+00
1123118;8,19E-01;-6,38E-02;5,08E-07;-5,88E-06;0,00E+00;0,00E+00;0,00E+00;0,00E+00
1147507;8,18E-01;-6,45E-02;-2,05E-05;-1,81E-05;0,00E+00;0,00E+00;0,00E+00;0,00E+00
1171896;8,19E-01;-6,63E-02;-1,19E-05;3,55E-05;0,00E+00;0,00E+00;0,00E+00;0,00E+00
1196285;8,18E-01;-6,71E-02;-4,73E-06;8,22E-06;0,00E+00;0,00E+00;0,00E+00;0,00E+00
1220674;8,19E-01;-6,82E-02;1,86E-05;1,19E-05;0,00E+00;0,00E+00;0,00E+00;0,00E+00
1245064;8,17E-01;-6,99E-02;-4,71E-05;-2,81E-05;0,00E+00;0,00E+00;0,00E+00;0,00E+00
1269453;8,18E-01;-7,10E-02;5,18E-05;-3,93E-06;0,00E+00;0,00E+00;0,00E+00;0,00E+00
1293842;8,17E-01;-7,30E-02;1,88E-06;-1,15E-06;0,00E+00;0,00E+00;0,00E+00;0,00E+00
1318231;8,18E-01;-7,30E-02;4,11E-05;-2,21E-05;0,00E+00;0,00E+00;0,00E+00;0,00E+00
1342620;8,17E-01;-7,47E-02;-8,24E-06;-4,50E-05;0,00E+00;0,00E+00;0,00E+00;0,00E+00
1367009;8,17E-01;-7,59E-02;4,72E-05;2,96E-05;0,00E+00;0,00E+00;0,00E+00;0,00E+00
1391398;8,17E-01;-7,75E-02;-2,93E-05;1,45E-05;0,00E+00;0,00E+00;0,00E+00;0,00E+00
1415787;8,16E-01;-7,87E-02;7,86E-06;-3,96E-06;0,00E+00;0,00E+00;0,00E+00;0,00E+00
1440176;8,16E-01;-8,00E-02;2,87E-05;2,35E-06;0,00E+00;0,00E+00;0,00E+00;0,00E+00
1464565;8,16E-01;-8,16E-02;2,00E-05;1,37E-05;0,00E+00;0,00E+00;0,00E+00;0,00E+00
1488954;8,16E-01;-8,27E-02;-9,16E-06;-5,44E-05;0,00E+00;0,00E+00;0,00E+00;0,00E+00
1513343;8,16E-01;-8,39E-02;8,05E-06;-1,47E-05;0,00E+00;0,00E+00;0,00E+00;0,00E+00
1537732;8,15E-01;-8,48E-02;-1,39E-06;9,86E-06;0,00E+00;0,00E+00;0,00E+00;0,00E+00
1562121;8,15E-01;-8,68E-02;-3,35E-05;-2,70E-05;0,00E+00;0,00E+00;0,00E+00;0,00E+00
1586510;8,14E-01;-8,80E-02;2,88E-05;1,70E-05;0,00E+00;0,00E+00;0,00E+00;0,00E+00
1610899;8,14E-01;-8,90E-02;1,87E-06;1,84E-05;0,00E+00;0,00E+00;0,00E+00;0,00E+00
1635288;8,14E-01;-9,10E-02;1,16E-05;6,88E-06;0,00E+00;0,00E+00;0,00E+00;0,00E+00
1659677;8,13E-01;-9,19E-02;-3,08E-05;3,46E-06;0,00E+00;0,00E+00;0,00E+00;0,00E+00
1684066;8,13E-01;-9,35E-02;-1,91E-05;1,36E-05;0,00E+00;0,00E+00;0,00E+00;0,00E+00
1708456;8,13E-01;-9,46E-02;1,10E-05;7,65E-07;0,00E+00;0,00E+00;0,00E+00;0,00E+00
1732845;8,12E-01;-9,63E-02;2,86E-05;1,97E-06;0,00E+00;0,00E+00;0,00E+00;0,00E+00
1757234;8,12E-01;-9,71E-02;-7,32E-06;-9,79E-06;0,00E+00;0,00E+00;0,00E+00;0,00E+00
1781623;8,12E-01;-9,88E-02;1,81E-05;1,96E-05;0,00E+00;0,00E+00;0,00E+00;0,00E+00
1806012;8,11E-01;-9,97E-02;-3,44E-05;-2,91E-05;0,00E+00;0,00E+00;0,00E+00;0,00E+00
1830401;8,11E-01;-1,02E-01;-7,41E-06;1,97E-05;0,00E+00;0,00E+00;0,00E+00;0,00E+00
1854790;8,10E-01;-1,02E-01;-5,97E-05;-2,67E-05;0,00E+00;0,00E+00;0,00E+00;0,00E+00
1879179;8,10E-01;-1,04E-01;-8,91E-06;1,39E-05;0,00E+00;0,00E+00;0,00E+00;0,00E+00
1903568;8,09E-01;-1,05E-01;1,72E-05;1,56E-05;0,00E+00;0,00E+00;0,00E+00;0,00E+00
1927957;8,10E-01;-1,07E-01;2,02E-05;3,69E-05;0,00E+00;0,00E+00;0,00E+00;0,00E+00
1952346;8,09E-01;-1,08E-01;-9,00E-06;-2,60E-05;0,00E+00;0,00E+00;0,00E+00;0,00E+00
1976735;8,09E-01;-1,10E-01;-7,46E-06;5,65E-05;0,00E+00;0,00E+00;0,00E+00;0,00E+00
2001124;8,08E-01;-1,11E-01;2,20E-06;4,49E-06;0,00E+00;0,00E+00;0,00E+00;0,00E+00
2025513;8,08E-01;-1,12E-01;-1,33E-05;-8,16E-06;0,00E+00;0,00E+00;0,00E+00;0,00E+00
2049902;8,07E-01;-1,13E-01;-3,54E-05;-2,15E-05;0,00E+00;0,00E+00;0,00E+00;0,00E+00
2074291;8,07E-01;-1,15E-01;-2,25E-05;2,44E-05;0,00E+00;0,00E+00;0,00E+00;0,00E+00
2098680;8,06E-01;-1,17E-01;2,53E-05;-1,79E-05;0,00E+00;0,00E+00;0,00E+00;0,00E+00
2123069;8,06E-01;-1,18E-01;-3,58E-05;-3,13E-05;0,00E+00;0,00E+00;0,00E+00;0,00E+00
2147458;8,05E-01;-1,19E-01;-1,37E-05;-4,62E-05;0,00E+00;0,00E+00;0,00E+00;0,00E+00
2171848;8,05E-01;-1,20E-01;-3,18E-05;1,75E-05;0,00E+00;0,00E+00;0,00E+00;0,00E+00
2196237;8,05E-01;-1,22E-01;-3,40E-05;-1,91E-05;0,00E+00;0,00E+00;0,00E+00;0,00E+00
2220626;8,04E-01;-1,23E-01;1,87E-05;5,39E-05;0,00E+00;0,00E+00;0,00E+00;0,00E+00
2245015;8,03E-01;-1,23E-01;1,54E-07;-1,50E-06;0,00E+00;0,00E+00;0,00E+00;0,00E+00
2269404;8,03E-01;-1,25E-01;-2,87E-05;1,86E-06;0,00E+00;0,00E+00;0,00E+00;0,00E+00
2293793;8,03E-01;-1,26E-01;-3,12E-05;-3,93E-05;0,00E+00;0,00E+00;0,00E+00;0,00E+00
2318182;8,03E-01;-1,28E-01;-1,70E-05;-1,86E-05;0,00E+00;0,00E+00;0,00E+00;0,00E+00
2342571;8,02E-01;-1,30E-01;-9,11E-06;-4,67E-06;0,00E+00;0,00E+00;0,00E+00;0,00E+00
2366960;8,01E-01;-1,31E-01;1,26E-05;1,17E-05;0,00E+00;0,00E+00;0,00E+00;0,00E+00
2391349;8,01E-01;-1,32E-01;-7,76E-06;7,60E-05;0,00E+00;0,00E+00;0,00E+00;0,00E+00
2415738;8,00E-01;-1,33E-01;3,43E-05;-1,42E-05;0,00E+00;0,00E+00;0,00E+00;0,00E+00
2440127;8,00E-01;-1,35E-01;1,41E-05;-3,55E-05;0,00E+00;0,00E+00;0,00E+00;0,00E+00
2464516;8,00E-01;-1,36E-01;-3,15E-05;1,76E-05;0,00E+00;0,00E+00;0,00E+00;0,00E+00
2488905;7,99E-01;-1,38E-01;2,33E-06;-3,00E-06;0,00E+00;0,00E+00;0,00E+00;0,00E+00
2513294;7,99E-01;-1,38E-01;2,43E-05;8,40E-05;0,00E+00;0,00E+00;0,00E+00;0,00E+00
2537683;7,98E-01;-1,40E-01;-3,07E-05;-5,85E-06;0,00E+00;0,00E+00;0,00E+00;0,00E+00
2562072;7,97E-01;-1,41E-01;9,68E-06;-6,26E-05;0,00E+00;0,00E+00;0,00E+00;0,00E+00
2586461;7,97E-01;-1,42E-01;3,23E-05;6,75E-06;0,00E+00;0,00E+00;0,00E+00;0,00E+00
2610850;7,96E-01;-1,44E-01;6,26E-06;-3,09E-05;0,00E+00;0,00E+00;0,00E+00;0,00E+00
2635239;7,96E-01;-1,45E-01;-3,43E-06;-2,31E-06;0,00E+00;0,00E+00;0,00E+00;0,00E+00
2659629;7,95E-01;-1,47E-01;3,34E-06;4,84E-05;0,00E+00;0,00E+00;0,00E+00;0,00E+00
2684018;7,95E-01;-1,48E-01;-1,58E-05;-1,83E-05;0,00E+00;0,00E+00;0,00E+00;0,00E+00
2708407;7,94E-01;-1,49E-01;-3,74E-05;-2,75E-06;0,00E+00;0,00E+00;0,00E+00;0,00E+00
2732796;7,94E-01;-1,50E-01;1,52E-05;-1,39E-05;0,00E+00;0,00E+00;0,00E+00;0,00E+00
2757185;7,93E-01;-1,52E-01;8,00E-07;1,73E-05;0,00E+00;0,00E+00;0,00E+00;0,00E+00
2781574;7,92E-01;-1,53E-01;3,08E-06;-4,07E-06;0,00E+00;0,00E+00;0,00E+00;0,00E+00
2805963;7,92E-01;-1,55E-01;-2,54E-05;3,22E-05;0,00E+00;0,00E+00;0,00E+00;0,00E+00
2830352;7,91E-01;-1,55E-01;2,82E-05;3,00E-05;0,00E+00;0,00E+00;0,00E+00;0,00E+00
2854741;7,91E-01;-1,57E-01;1,19E-05;-1,76E-05;0,00E+00;0,00E+00;0,00E+00;0,00E+00
2879130;7,90E-01;-1,58E-01;-9,99E-06;-1,74E-05;0,00E+00;0,00E+00;0,00E+00;0,00E+00
2903519;7,90E-01;-1,59E-01;1,72E-05;-2,31E-06;0,00E+00;0,00E+00;0,00E+00;0,00E+00
2927908;7,89E-01;-1,60E-01;-5,21E-05;9,66E-06;0,00E+00;0,00E+00;0,00E+00;0,00E+00
2952297;7,89E-01;-1,62E-01;-5,34E-06;1,04E-05;0,00E+00;0,00E+00;0,00E+00;0,00E+00
2976686;7,88E-01;-1,63E-01;6,22E-06;-5,50E-05;0,00E+00;0,00E+00;0,00E+00;0,00E+00
3001075;7,87E-01;-1,64E-01;1,33E-05;-4,33E-06;0,00E+00;0,00E+00;0,00E+00;0,00E+00
3025464;7,87E-01;-1,66E-01;5,86E-05;3,26E-05;0,00E+00;0,00E+00;0,00E+00;0,00E+00
3049853;7,86E-01;-1,66E-01;1,95E-07;1,19E-05;0,00E+00;0,00E+00;0,00E+00;0,00E+00
3074242;7,86E-01;-1,68E-01;3,47E-05;-1,10E-05;0,00E+00;0,00E+00;0,00E+00;0,00E+00
3098631;7,85E-01;-1,69E-01;-2,83E-05;1,63E-05;0,00E+00;0,00E+00;0,00E+00;0,00E+00
3123021;7,84E-01;-1,70E-01;-1,36E-05;-1,51E-05;0,00E+00;0,00E+00;0,00E+00;0,00E+00
3147410;7,84E-01;-1,72E-01;-1,98E-06;-1,72E-05;0,00E+00;0,00E+00;0,00E+00;0,00E+00
3171799;7,83E-01;-1,73E-01;3,61E-07;2,44E-05;0,00E+00;0,00E+00;0,00E+00;0,00E+00
3196188;7,82E-01;-1,75E-01;-3,65E-05;-8,63E-06;0,00E+00;0,00E+00;0,00E+00;0,00E+00
3220577;7,82E-01;-1,75E-01;2,59E-05;-1,11E-05;0,00E+00;0,00E+00;0,00E+00;0,00E+00
3244966;7,81E-01;-1,77E-01;-2,34E-05;-4,19E-05;0,00E+00;0,00E+00;0,00E+00;0,00E+00
3269355;7,81E-01;-1,78E-01;-3,52E-05;6,33E-05;0,00E+00;0,00E+00;0,00E+00;0,00E+00
3293744;7,80E-01;-1,80E-01;2,23E-05;-8,06E-06;0,00E+00;0,00E+00;0,00E+00;0,00E+00
3318133;7,79E-01;-1,80E-01;-4,58E-05;-5,77E-06;0,00E+00;0,00E+00;0,00E+00;0,00E+00
3342522;7,79E-01;-1,82E-01;1,54E-06;-5,67E-06;0,00E+00;0,00E+00;0,00E+00;0,00E+00
3366911;7,78E-01;-1,82E-01;-4,29E-05;-7,19E-06;0,00E+00;0,00E+00;0,00E+00;0,00E+00
3391300;7,77E-01;-1,84E-01;7,04E-06;5,25E-07;0,00E+00;0,00E+00;0,00E+00;0,00E+00
3415689;7,77E-01;-1,86E-01;-3,99E-06;3,44E-05;0,00E+00;0,00E+00;0,00E+00;0,00E+00
3440078;7,77E-01;-1,87E-01;-1,11E-05;2,59E-05;0,00E+00;0,00E+00;0,00E+00;0,00E+00
3464467;7,75E-01;-1,88E-01;1,27E-06;-3,28E-05;0,00E+00;0,00E+00;0,00E+00;0,00E+00
3488856;7,75E-01;-1,89E-01;-6,80E-05;-2,23E-05;0,00E+00;0,00E+00;0,00E+00;0,00E+00
3513245;7,74E-01;-1,91E-01;-5,67E-06;1,86E-08;0,00E+00;0,00E+00;0,00E+00;0,00E+00
3537634;7,74E-01;-1,91E-01;-1,34E-05;-3,64E-05;0,00E+00;0,00E+00;0,00E+00;0,00E+00
3562023;7,73E-01;-1,93E-01;-1,07E-05;5,44E-05;0,00E+00;0,00E+00;0,00E+00;0,00E+00
3586413;7,72E-01;-1,93E-01;3,39E-06;-3,29E-05;0,00E+00;0,00E+00;0,00E+00;0,00E+00
3610802;7,72E-01;-1,95E-01;-6,61E-06;-2,52E-05;0,00E+00;0,00E+00;0,00E+00;0,00E+00
3635191;7,71E-01;-1,96E-01;3,05E-05;-1,52E-05;0,00E+00;0,00E+00;0,00E+00;0,00E+00
3659580;7,71E-01;-1,97E-01;-4,68E-06;2,19E-05;0,00E+00;0,00E+00;0,00E+00;0,00E+00
3683969;7,70E-01;-1,99E-01;-1,50E-05;-9,01E-06;0,00E+00;0,00E+00;0,00E+00;0,00E+00
3708358;7,69E-01;-1,99E-01;1,69E-05;-4,12E-07;0,00E+00;0,00E+00;0,00E+00;0,00E+00
3732747;7,68E-01;-2,01E-01;-5,09E-07;-3,91E-05;0,00E+00;0,00E+00;0,00E+00;0,00E+00
3757136;7,67E-01;-2,02E-01;-5,06E-05;-5,41E-05;0,00E+00;0,00E+00;0,00E+00;0,00E+00
3781525;7,67E-01;-2,03E-01;1,48E-05;5,59E-06;0,00E+00;0,00E+00;0,00E+00;0,00E+00
3805914;7,66E-01;-2,05E-01;2,91E-05;-1,13E-05;0,00E+00;0,00E+00;0,00E+00;0,00E+00
3830303;7,65E-01;-2,06E-01;-3,84E-05;4,91E-05;0,00E+00;0,00E+00;0,00E+00;0,00E+00
3854692;7,65E-01;-2,06E-01;4,13E-06;1,46E-05;0,00E+00;0,00E+00;0,00E+00;0,00E+00
3879081;7,64E-01;-2,08E-01;1,18E-05;-6,27E-05;0,00E+00;0,00E+00;0,00E+00;0,00E+00
3903470;7,63E-01;-2,09E-01;1,00E-05;-3,95E-05;0,00E+00;0,00E+00;0,00E+00;0,00E+00
3927859;7,63E-01;-2,11E-01;-3,25E-05;-1,39E-06;0,00E+00;0,00E+00;0,00E+00;0,00E+00
3952248;7,62E-01;-2,11E-01;-2,50E-06;3,85E-05;0,00E+00;0,00E+00;0,00E+00;0,00E+00
3976637;7,61E-01;-2,13E-01;2,38E-05;2,30E-05;0,00E+00;0,00E+00;0,00E+00;0,00E+00
4001026;7,60E-01;-2,13E-01;-2,57E-05;-2,47E-05;0,00E+00;0,00E+00;0,00E+00;0,00E+00
4025415;7,59E-01;-2,15E-01;-5,59E-06;7,51E-06;0,00E+00;0,00E+00;0,00E+00;0,00E+00
4049804;7,59E-01;-2,15E-01;-5,23E-06;-2,08E-05;0,00E+00;0,00E+00;0,00E+00;0,00E+00
4074194;7,59E-01;-2,17E-01;1,64E-05;4,92E-06;0,00E+00;0,00E+00;0,00E+00;0,00E+00
4098583;7,58E-01;-2,19E-01;1,42E-05;3,09E-05;0,00E+00;0,00E+00;0,00E+00;0,00E+00
4122972;7,57E-01;-2,19E-01;-3,98E-05;-3,21E-05;0,00E+00;0,00E+00;0,00E+00;0,00E+00
4147361;7,57E-01;-2,21E-01;-9,13E-06;7,16E-06;0,00E+00;0,00E+00;0,00E+00;0,00E+00
4171750;7,55E-01;-2,21E-01;9,28E-06;-2,05E-05;0,00E+00;0,00E+00;0,00E+00;0,00E+00
4196139;7,55E-01;-2,23E-01;1,87E-05;2,70E-05;0,00E+00;0,00E+00;0,00E+00;0,00E+00
4220528;7,54E-01;-2,23E-01;-3,08E-05;-1,34E-05;0,00E+00;0,00E+00;0,00E+00;0,00E+00
4244917;7,53E-01;-2,24E-01;1,52E-05;1,01E-05;0,00E+00;0,00E+00;0,00E+00;0,00E+00
4269306;7,52E-01;-2,26E-01;7,60E-07;8,41E-06;0,00E+00;0,00E+00;0,00E+00;0,00E+00
4293695;7,51E-01;-2,27E-01;-1,62E-05;-1,92E-05;0,00E+00;0,00E+00;0,00E+00;0,00E+00
4318084;7,51E-01;-2,28E-01;-2,55E-05;3,31E-05;0,00E+00;0,00E+00;0,00E+00;0,00E+00
4342473;7,50E-01;-2,29E-01;3,08E-05;-2,54E-05;0,00E+00;0,00E+00;0,00E+00;0,00E+00
4366862;7,50E-01;-2,30E-01;-8,46E-06;-1,57E-05;0,00E+00;0,00E+00;0,00E+00;0,00E+00
4391251;7,48E-01;-2,31E-01;-1,79E-05;-8,19E-06;0,00E+00;0,00E+00;0,00E+00;0,00E+00
4415640;7,48E-01;-2,32E-01;1,08E-05;1,56E-05;0,00E+00;0,00E+00;0,00E+00;0,00E+00
4440029;7,47E-01;-2,33E-01;2,87E-05;2,97E-05;0,00E+00;0,00E+00;0,00E+00;0,00E+00
4464418;7,46E-01;-2,34E-01;-5,11E-05;6,33E-06;0,00E+00;0,00E+00;0,00E+00;0,00E+00
4488807;7,46E-01;-2,36E-01;-1,40E-05;3,36E-05;0,00E+00;0,00E+00;0,00E+00;0,00E+00
4513196;7,45E-01;-2,36E-01;3,02E-05;-2,41E-05;0,00E+00;0,00E+00;0,00E+00;0,00E+00
4537586;7,44E-01;-2,38E-01;1,83E-05;-2,25E-05;0,00E+00;0,00E+00;0,00E+00;0,00E+00
4561975;7,43E-01;-2,39E-01;-2,42E-05;-2,06E-06;0,00E+00;0,00E+00;0,00E+00;0,00E+00
4586364;7,43E-01;-2,40E-01;3,50E-05;-4,49E-06;0,00E+00;0,00E+00;0,00E+00;0,00E+00
4610753;7,41E-01;-2,41E-01;-2,09E-05;2,88E-07;0,00E+00;0,00E+00;0,00E+00;0,00E+00
4635142;7,41E-01;-2,42E-01;2,03E-05;-9,59E-06;0,00E+00;0,00E+00;0,00E+00;0,00E+00
4659531;7,40E-01;-2,43E-01;4,78E-06;-1,58E-05;0,00E+00;0,00E+00;0,00E+00;0,00E+00
4683920;7,39E-01;-2,44E-01;1,58E-05;-2,94E-05;0,00E+00;0,00E+00;0,00E+00;0,00E+00
4708309;7,39E-01;-2,45E-01;1,16E-06;5,08E-06;0,00E+00;0,00E+00;0,00E+00;0,00E+00
4732698;7,38E-01;-2,46E-01;5,80E-06;3,36E-05;0,00E+00;0,00E+00;0,00E+00;0,00E+00
4757087;7,37E-01;-2,47E-01;3,80E-05;-1,81E-05;0,00E+00;0,00E+00;0,00E+00;0,00E+00
4781476;7,36E-01;-2,48E-01;1,66E-05;3,86E-05;0,00E+00;0,00E+00;0,00E+00;0,00E+00
4805865;7,36E-01;-2,50E-01;-3,01E-05;2,52E-05;0,00E+00;0,00E+00;0,00E+00;0,00E+00
4830254;7,34E-01;-2,50E-01;-5,28E-05;-9,35E-06;0,00E+00;0,00E+00;0,00E+00;0,00E+00
4854643;7,34E-01;-2,51E-01;6,77E-06;2,31E-05;0,00E+00;0,00E+00;0,00E+00;0,00E+00
4879032;7,33E-01;-2,52E-01;-1,95E-05;-1,19E-05;0,00E+00;0,00E+00;0,00E+00;0,00E+00
4903421;7,33E-01;-2,54E-01;3,15E-05;2,31E-05;0,00E+00;0,00E+00;0,00E+00;0,00E+00
4927810;7,31E-01;-2,54E-01;-5,51E-06;-3,42E-05;0,00E+00;0,00E+00;0,00E+00;0,00E+00
4952199;7,31E-01;-2,55E-01;-2,10E-05;7,87E-06;0,00E+00;0,00E+00;0,00E+00;0,00E+00
4976588;7,30E-01;-2,56E-01;-5,97E-07;3,26E-05;0,00E+00;0,00E+00;0,00E+00;0,00E+00
5000978;7,29E-01;-2,57E-01;1,76E-05;8,26E-06;0,00E+00;0,00E+00;0,00E+00;0,00E+00
5025367;7,28E-01;-2,58E-01;2,36E-06;-5,29E-06;0,00E+00;0,00E+00;0,00E+00;0,00E+00
5049756;7,28E-01;-2,59E-01;2,41E-05;-4,19E-05;0,00E+00;0,00E+00;0,00E+00;0,00E+00
5074145;7,26E-01;-2,60E-01;-4,61E-05;1,90E-05;0,00E+00;0,00E+00;0,00E+00;0,00E+00
5098534;7,25E-01;-2,61E-01;-3,32E-05;-2,10E-05;0,00E+00;0,00E+00;0,00E+00;0,00E+00
5122923;7,25E-01;-2,62E-01;3,05E-05;1,29E-06;0,00E+00;0,00E+00;0,00E+00;0,00E+00
5147312;7,24E-01;-2,63E-01;-5,96E-06;2,76E-05;0,00E+00;0,00E+00;0,00E+00;0,00E+00
5171701;7,23E-01;-2,64E-01;-4,62E-06;2,36E-05;0,00E+00;0,00E+00;0,00E+00;0,00E+00
5196090;7,22E-01;-2,65E-01;-9,70E-06;-3,28E-05;0,00E+00;0,00E+00;0,00E+00;0,00E+00
5220479;7,22E-01;-2,66E-01;2,21E-05;-2,12E-05;0,00E+00;0,00E+00;0,00E+00;0,00E+00
5244868;7,21E-01;-2,67E-01;-5,65E-06;-3,98E-05;0,00E+00;0,00E+00;0,00E+00;0,00E+00
5269257;7,20E-01;-2,67E-01;1,33E-05;-1,94E-05;0,00E+00;0,00E+00;0,00E+00;0,00E+00
5293646;7,19E-01;-2,69E-01;-3,48E-05;3,40E-05;0,00E+00;0,00E+00;0,00E+00;0,00E+00
5318035;7,18E-01;-2,69E-01;-1,12E-06;1,42E-05;0,00E+00;0,00E+00;0,00E+00;0,00E+00
5342424;7,18E-01;-2,70E-01;-5,58E-06;-2,79E-06;0,00E+00;0,00E+00;0,00E+00;0,00E+00
5366813;7,17E-01;-2,72E-01;1,94E-05;-3,47E-06;0,00E+00;0,00E+00;0,00E+00;0,00E+00
5391202;7,16E-01;-2,72E-01;4,19E-06;-3,64E-05;0,00E+00;0,00E+00;0,00E+00;0,00E+00
5415591;7,15E-01;-2,74E-01;2,55E-06;3,33E-05;0,00E+00;0,00E+00;0,00E+00;0,00E+00
5439980;7,14E-01;-2,74E-01;-2,41E-06;2,78E-06;0,00E+00;0,00E+00;0,00E+00;0,00E+00
5464370;7,13E-01;-2,75E-01;-3,06E-05;-4,30E-05;0,00E+00;0,00E+00;0,00E+00;0,00E+00
5488759;7,12E-01;-2,76E-01;-2,42E-05;9,56E-06;0,00E+00;0,00E+00;0,00E+00;0,00E+00
5513148;7,12E-01;-2,77E-01;1,49E-05;-1,85E-06;0,00E+00;0,00E+00;0,00E+00;0,00E+00
5537537;7,11E-01;-2,78E-01;4,18E-06;8,12E-06;0,00E+00;0,00E+00;0,00E+00;0,00E+00
5561926;7,10E-01;-2,79E-01;-2,59E-05;1,98E-06;0,00E+00;0,00E+00;0,00E+00;0,00E+00
5586315;7,10E-01;-2,80E-01;1,30E-05;6,05E-05;0,00E+00;0,00E+00;0,00E+00;0,00E+00
5610704;7,08E-01;-2,81E-01;-1,56E-05;-3,10E-07;0,00E+00;0,00E+00;0,00E+00;0,00E+00
5635093;7,08E-01;-2,82E-01;-2,80E-05;2,79E-05;0,00E+00;0,00E+00;0,00E+00;0,00E+00
5659482;7,06E-01;-2,83E-01;3,07E-05;-1,84E-05;0,00E+00;0,00E+00;0,00E+00;0,00E+00
5683871;7,05E-01;-2,83E-01;-4,06E-05;-7,46E-05;0,00E+00;0,00E+00;0,00E+00;0,00E+00
5708260;7,05E-01;-2,84E-01;8,46E-06;-2,03E-06;0,00E+00;0,00E+00;0,00E+00;0,00E+00
5732649;7,04E-01;-2,85E-01;3,62E-06;-1,00E-05;0,00E+00;0,00E+00;0,00E+00;0,00E+00
5757038;7,03E-01;-2,85E-01;-1,34E-05;4,00E-05;0,00E+00;0,00E+00;0,00E+00;0,00E+00
5781427;7,02E-01;-2,87E-01;8,81E-06;2,76E-05;0,00E+00;0,00E+00;0,00E+00;0,00E+00
5805816;7,01E-01;-2,88E-01;-7,69E-06;-2,35E-05;0,00E+00;0,00E+00;0,00E+00;0,00E+00
5830205;7,01E-01;-2,89E-01;-4,05E-05;-2,74E-05;0,00E+00;0,00E+00;0,00E+00;0,00E+00
5854594;7,00E-01;-2,90E-01;-8,66E-06;4,19E-06;0,00E+00;0,00E+00;0,00E+00;0,00E+00
5878983;6,99E-01;-2,90E-01;1,26E-05;8,41E-06;0,00E+00;0,00E+00;0,00E+00;0,00E+00
5903372;6,98E-01;-2,91E-01;-2,72E-05;2,53E-05;0,00E+00;0,00E+00;0,00E+00;0,00E+00
5927761;6,97E-01;-2,92E-01;1,73E-05;2,68E-05;0,00E+00;0,00E+00;0,00E+00;0,00E+00
5952151;6,97E-01;-2,93E-01;-3,72E-05;3,03E-05;0,00E+00;0,00E+00;0,00E+00;0,00E+00
5976540;6,96E-01;-2,94E-01;2,61E-05;-1,48E-05;0,00E+00;0,00E+00;0,00E+00;0,00E+00
6000929;6,95E-01;-2,94E-01;-1,78E-05;1,72E-05;0,00E+00;0,00E+00;0,00E+00;0,00E+00
6025318;6,94E-01;-2,96E-01;-3,23E-05;-7,95E-06;0,00E+00;0,00E+00;0,00E+00;0,00E+00
6049707;6,93E-01;-2,96E-01;-2,74E-05;-4,59E-06;0,00E+00;0,00E+00;0,00E+00;0,00E+00
6074096;6,92E-01;-2,97E-01;8,76E-06;3,07E-05;0,00E+00;0,00E+00;0,00E+00;0,00E+00
6098485;6,91E-01;-2,98E-01;-4,17E-06;-1,96E-05;0,00E+00;0,00E+00;0,00E+00;0,00E+00
6122874;6,90E-01;-2,99E-01;1,77E-05;1,05E-05;0,00E+00;0,00E+00;0,00E+00;0,00E+00
6147263;6,89E-01;-3,00E-01;3,64E-05;2,98E-05;0,00E+00;0,00E+00;0,00E+00;0,00E+00
6171652;6,89E-01;-3,00E-01;-2,95E-05;-6,58E-06;0,00E+00;0,00E+00;0,00E+00;0,00E+00
6196041;6,87E-01;-3,01E-01;-2,04E-05;-1,03E-05;0,00E+00;0,00E+00;0,00E+00;0,00E+00
6220430;6,87E-01;-3,02E-01;-4,04E-05;-3,15E-05;0,00E+00;0,00E+00;0,00E+00;0,00E+00
6244819;6,86E-01;-3,03E-01;2,50E-05;-9,14E-06;0,00E+00;0,00E+00;0,00E+00;0,00E+00
6269208;6,85E-01;-3,04E-01;-1,81E-05;7,67E-06;0,00E+00;0,00E+00;0,00E+00;0,00E+00
6293597;6,84E-01;-3,05E-01;5,43E-06;-2,23E-05;0,00E+00;0,00E+00;0,00E+00;0,00E+00
6317986;6,83E-01;-3,05E-01;-2,68E-05;-5,42E-06;0,00E+00;0,00E+00;0,00E+00;0,00E+00
6342375;6,82E-01;-3,06E-01;2,68E-05;-2,27E-07;0,00E+00;0,00E+00;0,00E+00;0,00E+00
6366764;6,82E-01;-3,07E-01;-1,23E-05;-1,18E-06;0,00E+00;0,00E+00;0,00E+00;0,00E+00
6391153;6,81E-01;-3,08E-01;-3,51E-05;3,19E-06;0,00E+00;0,00E+00;0,00E+00;0,00E+00
6415543;6,80E-01;-3,08E-01;-4,35E-06;3,28E-05;0,00E+00;0,00E+00;0,00E+00;0,00E+00
6439932;6,79E-01;-3,09E-01;-2,15E-05;-1,20E-06;0,00E+00;0,00E+00;0,00E+00;0,00E+00
6464321;6,78E-01;-3,10E-01;1,16E-05;-1,27E-05;0,00E+00;0,00E+00;0,00E+00;0,00E+00
6488710;6,77E-01;-3,11E-01;-4,16E-06;1,80E-05;0,00E+00;0,00E+00;0,00E+00;0,00E+00
6513099;6,76E-01;-3,11E-01;-2,74E-05;5,19E-06;0,00E+00;0,00E+00;0,00E+00;0,00E+00
6537488;6,75E-01;-3,12E-01;-1,32E-05;5,85E-05;0,00E+00;0,00E+00;0,00E+00;0,00E+00
6561877;6,75E-01;-3,13E-01;-2,76E-05;-1,24E-05;0,00E+00;0,00E+00;0,00E+00;0,00E+00
6586266;6,73E-01;-3,13E-01;-8,34E-07;1,71E-05;0,00E+00;0,00E+00;0,00E+00;0,00E+00
6610655;6,73E-01;-3,15E-01;3,51E-05;-2,03E-05;0,00E+00;0,00E+00;0,00E+00;0,00E+00
6635044;6,72E-01;-3,15E-01;-1,79E-05;-2,65E-05;0,00E+00;0,00E+00;0,00E+00;0,00E+00
6659433;6,71E-01;-3,16E-01;2,90E-07;1,44E-06;0,00E+00;0,00E+00;0,00E+00;0,00E+00
6683822;6,70E-01;-3,17E-01;3,17E-05;1,14E-05;0,00E+00;0,00E+00;0,00E+00;0,00E+00
6708211;6,69E-01;-3,18E-01;-3,58E-05;2,74E-06;0,00E+00;0,00E+00;0,00E+00;0,00E+00
6732600;6,68E-01;-3,19E-01;2,32E-05;-2,18E-05;0,00E+00;0,00E+00;0,00E+00;0,00E+00
6756989;6,67E-01;-3,19E-01;-1,37E-05;-5,44E-06;0,00E+00;0,00E+00;0,00E+00;0,00E+00
6781378;6,66E-01;-3,20E-01;-1,48E-05;-1,38E-05;0,00E+00;0,00E+00;0,00E+00;0,00E+00
6805767;6,65E-01;-3,20E-01;-3,62E-05;-5,65E-06;0,00E+00;0,00E+00;0,00E+00;0,00E+00
6830156;6,65E-01;-3,21E-01;2,67E-06;2,84E-05;0,00E+00;0,00E+00;0,00E+00;0,00E+00
6854545;6,63E-01;-3,22E-01;-2,95E-06;4,98E-05;0,00E+00;0,00E+00;0,00E+00;0,00E+00
6878935;6,63E-01;-3,22E-01;-4,07E-05;5,30E-06;0,00E+00;0,00E+00;0,00E+00;0,00E+00
6903324;6,62E-01;-3,23E-01;3,69E-05;2,95E-05;0,00E+00;0,00E+00;0,00E+00;0,00E+00
6927713;6,61E-01;-3,24E-01;3,58E-05;-6,33E-06;0,00E+00;0,00E+00;0,00E+00;0,00E+00
6952102;6,60E-01;-3,24E-01;-2,76E-05;-1,64E-05;0,00E+00;0,00E+00;0,00E+00;0,00E+00
6976491;6,59E-01;-3,25E-01;3,71E-06;-1,98E-05;0,00E+00;0,00E+00;0,00E+00;0,00E+00
7000880;6,58E-01;-3,26E-01;7,88E-06;3,20E-05;0,00E+00;0,00E+00;0,00E+00;0,00E+00
7025269;6,58E-01;-3,27E-01;1,33E-05;8,11E-06;0,00E+00;0,00E+00;0,00E+00;0,00E+00
7049658;6,57E-01;-3,27E-01;1,31E-05;-2,14E-05;0,00E+00;0,00E+00;0,00E+00;0,00E+00
7074047;6,56E-01;-3,28E-01;-2,45E-05;5,58E-05;0,00E+00;0,00E+00;0,00E+00;0,00E+00
7098436;6,55E-01;-3,29E-01;-1,38E-05;-1,87E-05;0,00E+00;0,00E+00;0,00E+00;0,00E+00
7122825;6,54E-01;-3,29E-01;-2,74E-05;-5,99E-06;0,00E+00;0,00E+00;0,00E+00;0,00E+00
7147214;6,53E-01;-3,30E-01;2,25E-05;-1,61E-05;0,00E+00;0,00E+00;0,00E+00;0,00E+00
7171603;6,52E-01;-3,31E-01;-4,09E-05;4,67E-05;0,00E+00;0,00E+00;0,00E+00;0,00E+00
7195992;6,51E-01;-3,32E-01;-2,12E-07;-1,42E-05;0,00E+00;0,00E+00;0,00E+00;0,00E+00
7220381;6,50E-01;-3,32E-01;-2,47E-05;-4,79E-05;0,00E+00;0,00E+00;0,00E+00;0,00E+00
7244770;6,50E-01;-3,33E-01;-4,76E-05;2,17E-05;0,00E+00;0,00E+00;0,00E+00;0,00E+00
7269159;6,48E-01;-3,33E-01;6,97E-06;-2,59E-06;0,00E+00;0,00E+00;0,00E+00;0,00E+00
7293548;6,48E-01;-3,34E-01;2,64E-06;3,05E-06;0,00E+00;0,00E+00;0,00E+00;0,00E+00
7317937;6,47E-01;-3,35E-01;-3,67E-05;2,15E-05;0,00E+00;0,00E+00;0,00E+00;0,00E+00
7342326;6,46E-01;-3,35E-01;-2,99E-05;1,03E-05;0,00E+00;0,00E+00;0,00E+00;0,00E+00
7366716;6,45E-01;-3,36E-01;4,55E-05;-1,22E-05;0,00E+00;0,00E+00;0,00E+00;0,00E+00
7391105;6,44E-01;-3,37E-01;5,75E-05;-1,17E-05;0,00E+00;0,00E+00;0,00E+00;0,00E+00
7415494;6,43E-01;-3,37E-01;-1,99E-05;1,77E-05;0,00E+00;0,00E+00;0,00E+00;0,00E+00
7439883;6,42E-01;-3,38E-01;1,20E-05;1,47E-05;0,00E+00;0,00E+00;0,00E+00;0,00E+00
7464272;6,42E-01;-3,38E-01;8,74E-06;-7,97E-07;0,00E+00;0,00E+00;0,00E+00;0,00E+00
7488661;6,40E-01;-3,39E-01;-9,94E-06;2,96E-05;0,00E+00;0,00E+00;0,00E+00;0,00E+00
7513050;6,39E-01;-3,40E-01;-8,25E-06;1,15E-05;0,00E+00;0,00E+00;0,00E+00;0,00E+00
7537439;6,38E-01;-3,41E-01;-3,50E-06;9,83E-07;0,00E+00;0,00E+00;0,00E+00;0,00E+00
7561828;6,37E-01;-3,41E-01;1,90E-06;-2,39E-05;0,00E+00;0,00E+00;0,00E+00;0,00E+00
7586217;6,37E-01;-3,42E-01;5,02E-06;-2,94E-05;0,00E+00;0,00E+00;0,00E+00;0,00E+00
7610606;6,36E-01;-3,43E-01;1,42E-05;-3,64E-05;0,00E+00;0,00E+00;0,00E+00;0,00E+00
7634995;6,35E-01;-3,43E-01;-2,99E-06;6,07E-05;0,00E+00;0,00E+00;0,00E+00;0,00E+00
7659384;6,34E-01;-3,43E-01;2,30E-06;-5,34E-06;0,00E+00;0,00E+00;0,00E+00;0,00E+00
7683773;6,33E-01;-3,44E-01;4,78E-06;7,80E-06;0,00E+00;0,00E+00;0,00E+00;0,00E+00
7708162;6,32E-01;-3,45E-01;-2,94E-05;-1,68E-05;0,00E+00;0,00E+00;0,00E+00;0,00E+00
7732551;6,32E-01;-3,45E-01;-6,83E-06;-1,02E-05;0,00E+00;0,00E+00;0,00E+00;0,00E+00
7756940;6,31E-01;-3,46E-01;-4,16E-05;-3,45E-05;0,00E+00;0,00E+00;0,00E+00;0,00E+00
7781329;6,29E-01;-3,46E-01;-2,19E-05;-4,34E-06;0,00E+00;0,00E+00;0,00E+00;0,00E+00
7805718;6,29E-01;-3,47E-01;3,84E-05;1,93E-05;0,00E+00;0,00E+00;0,00E+00;0,00E+00
7830108;6,28E-01;-3,48E-01;-8,84E-06;-5,00E-06;0,00E+00;0,00E+00;0,00E+00;0,00E+00
7854497;6,27E-01;-3,48E-01;7,14E-07;2,78E-05;0,00E+00;0,00E+00;0,00E+00;0,00E+00
7878886;6,26E-01;-3,49E-01;9,43E-07;-4,54E-05;0,00E+00;0,00E+00;0,00E+00;0,00E+00
7903275;6,25E-01;-3,50E-01;-2,48E-05;7,14E-05;0,00E+00;0,00E+00;0,00E+00;0,00E+00
7927664;6,24E-01;-3,50E-01;2,64E-06;3,16E-06;0,00E+00;0,00E+00;0,00E+00;0,00E+00
7952053;6,23E-01;-3,51E-01;-3,57E-05;2,80E-06;0,00E+00;0,00E+00;0,00E+00;0,00E+00
7976442;6,23E-01;-3,51E-01;1,65E-05;-8,43E-06;0,00E+00;0,00E+00;0,00E+00;0,00E+00
8000831;6,21E-01;-3,51E-01;2,16E-05;1,23E-06;0,00E+00;0,00E+00;0,00E+00;0,00E+00
8025220;6,21E-01;-3,52E-01;-1,68E-05;-9,13E-06;0,00E+00;0,00E+00;0,00E+00;0,00E+00
8049609;6,20E-01;-3,53E-01;-3,18E-05;-1,33E-06;0,00E+00;0,00E+00;0,00E+00;0,00E+00
8073998;6,19E-01;-3,53E-01;3,56E-05;2,20E-05;0,00E+00;0,00E+00;0,00E+00;0,00E+00
8098387;6,18E-01;-3,54E-01;-3,89E-05;-1,95E-05;0,00E+00;0,00E+00;0,00E+00;0,00E+00
8122776;6,17E-01;-3,55E-01;3,48E-05;-1,51E-05;0,00E+00;0,00E+00;0,00E+00;0,00E+00
8147165;6,16E-01;-3,55E-01;4,49E-06;6,68E-06;0,00E+00;0,00E+00;0,00E+00;0,00E+00
8171554;6,15E-01;-3,55E-01;1,61E-05;-9,06E-06;0,00E+00;0,00E+00;0,00E+00;0,00E+00
8195943;6,15E-01;-3,57E-01;7,64E-06;-1,18E-05;0,00E+00;0,00E+00;0,00E+00;0,00E+00
8220332;6,13E-01;-3,57E-01;-1,56E-05;-2,06E-06;0,00E+00;0,00E+00;0,00E+00;0,00E+00
8244721;6,13E-01;-3,58E-01;3,08E-06;-1,12E-05;0,00E+00;0,00E+00;0,00E+00;0,00E+00
8269110;6,11E-01;-3,58E-01;1,72E-05;-1,21E-05;0,00E+00;0,00E+00;0,00E+00;0,00E+00
8293500;6,11E-01;-3,59E-01;-2,33E-05;-4,93E-06;0,00E+00;0,00E+00;0,00E+00;0,00E+00
8317889;6,10E-01;-3,59E-01;-3,05E-06;2,15E-05;0,00E+00;0,00E+00;0,00E+00;0,00E+00
8342278;6,09E-01;-3,60E-01;-2,80E-06;2,49E-05;0,00E+00;0,00E+00;0,00E+00;0,00E+00
8366667;6,08E-01;-3,60E-01;2,37E-05;-3,29E-05;0,00E+00;0,00E+00;0,00E+00;0,00E+00
8391056;6,08E-01;-3,60E-01;-3,13E-05;-2,26E-05;0,00E+00;0,00E+00;0,00E+00;0,00E+00
8415445;6,07E-01;-3,61E-01;6,49E-06;-1,88E-06;0,00E+00;0,00E+00;0,00E+00;0,00E+00
8439834;6,05E-01;-3,62E-01;8,91E-06;-1,07E-05;0,00E+00;0,00E+00;0,00E+00;0,00E+00
8464223;6,05E-01;-3,62E-01;-3,75E-05;1,11E-05;0,00E+00;0,00E+00;0,00E+00;0,00E+00
8488612;6,04E-01;-3,63E-01;-1,95E-05;2,49E-05;0,00E+00;0,00E+00;0,00E+00;0,00E+00
8513001;6,03E-01;-3,63E-01;-4,51E-05;1,44E-05;0,00E+00;0,00E+00;0,00E+00;0,00E+00
8537390;6,02E-01;-3,64E-01;2,92E-05;-8,40E-06;0,00E+00;0,00E+00;0,00E+00;0,00E+00
8561779;6,01E-01;-3,64E-01;4,14E-06;-2,96E-05;0,00E+00;0,00E+00;0,00E+00;0,00E+00
8586168;6,00E-01;-3,64E-01;-5,46E-07;-1,07E-05;0,00E+00;0,00E+00;0,00E+00;0,00E+00
8610557;5,99E-01;-3,65E-01;2,07E-05;2,08E-05;0,00E+00;0,00E+00;0,00E+00;0,00E+00
8634946;5,98E-01;-3,66E-01;1,52E-05;-3,30E-06;0,00E+00;0,00E+00;0,00E+00;0,00E+00
8659335;5,97E-01;-3,66E-01;-4,79E-07;-3,11E-05;0,00E+00;0,00E+00;0,00E+00;0,00E+00
8683724;5,97E-01;-3,66E-01;-3,09E-05;-2,18E-05;0,00E+00;0,00E+00;0,00E+00;0,00E+00
8708113;5,96E-01;-3,67E-01;1,89E-05;-3,37E-05;0,00E+00;0,00E+00;0,00E+00;0,00E+00
8732502;5,95E-01;-3,67E-01;-2,91E-05;4,15E-05;0,00E+00;0,00E+00;0,00E+00;0,00E+00
8756891;5,94E-01;-3,68E-01;2,28E-05;-1,06E-06;0,00E+00;0,00E+00;0,00E+00;0,00E+00
8781281;5,93E-01;-3,68E-01;1,08E-05;-1,78E-05;0,00E+00;0,00E+00;0,00E+00;0,00E+00
8805670;5,92E-01;-3,69E-01;-3,28E-05;-7,68E-06;0,00E+00;0,00E+00;0,00E+00;0,00E+00
8830059;5,91E-01;-3,70E-01;2,80E-07;-6,24E-05;0,00E+00;0,00E+00;0,00E+00;0,00E+00
8854448;5,90E-01;-3,70E-01;2,06E-05;-4,91E-05;0,00E+00;0,00E+00;0,00E+00;0,00E+00
8878837;5,89E-01;-3,70E-01;-1,80E-05;1,29E-05;0,00E+00;0,00E+00;0,00E+00;0,00E+00
8903226;5,89E-01;-3,71E-01;9,31E-06;1,93E-05;0,00E+00;0,00E+00;0,00E+00;0,00E+00
8927615;5,87E-01;-3,71E-01;-1,44E-05;-2,71E-05;0,00E+00;0,00E+00;0,00E+00;0,00E+00
8952004;5,87E-01;-3,72E-01;2,30E-06;7,97E-06;0,00E+00;0,00E+00;0,00E+00;0,00E+00
8976393;5,86E-01;-3,72E-01;-3,30E-05;2,26E-05;0,00E+00;0,00E+00;0,00E+00;0,00E+00
9000782;5,85E-01;-3,72E-01;2,00E-06;7,86E-06;0,00E+00;0,00E+00;0,00E+00;0,00E+00
9025171;5,84E-01;-3,73E-01;3,46E-05;3,57E-05;0,00E+00;0,00E+00;0,00E+00;0,00E+00
9049560;5,83E-01;-3,73E-01;-1,10E-05;-1,84E-06;0,00E+00;0,00E+00;0,00E+00;0,00E+00
9073949;5,83E-01;-3,74E-01;1,41E-05;4,39E-05;0,00E+00;0,00E+00;0,00E+00;0,00E+00
9098338;5,81E-01;-3,74E-01;7,07E-06;-1,15E-06;0,00E+00;0,00E+00;0,00E+00;0,00E+00
9122727;5,81E-01;-3,74E-01;-1,12E-05;-1,38E-05;0,00E+00;0,00E+00;0,00E+00;0,00E+00
9147116;5,80E-01;-3,75E-01;-1,15E-05;3,64E-05;0,00E+00;0,00E+00;0,00E+00;0,00E+00
9171505;5,79E-01;-3,75E-01;3,55E-06;-2,21E-05;0,00E+00;0,00E+00;0,00E+00;0,00E+00
9195894;5,78E-01;-3,76E-01;-2,78E-05;-3,09E-05;0,00E+00;0,00E+00;0,00E+00;0,00E+00
9220283;5,77E-01;-3,76E-01;5,47E-06;2,22E-05;0,00E+00;0,00E+00;0,00E+00;0,00E+00
9244673;5,76E-01;-3,77E-01;1,84E-06;-1,09E-06;0,00E+00;0,00E+00;0,00E+00;0,00E+00
9269062;5,76E-01;-3,77E-01;1,44E-05;-1,49E-05;0,00E+00;0,00E+00;0,00E+00;0,00E+00
9293451;5,74E-01;-3,78E-01;1,40E-05;-1,54E-05;0,00E+00;0,00E+00;0,00E+00;0,00E+00
9317840;5,74E-01;-3,78E-01;-6,76E-05;-7,01E-06;0,00E+00;0,00E+00;0,00E+00;0,00E+00
9342229;5,73E-01;-3,79E-01;7,26E-06;4,59E-05;0,00E+00;0,00E+00;0,00E+00;0,00E+00
9366618;5,72E-01;-3,79E-01;-1,20E-07;-1,84E-05;0,00E+00;0,00E+00;0,00E+00;0,00E+00
9391007;5,71E-01;-3,79E-01;1,17E-06;-3,78E-05;0,00E+00;0,00E+00;0,00E+00;0,00E+00
9415396;5,70E-01;-3,80E-01;3,00E-05;-1,05E-05;0,00E+00;0,00E+00;0,00E+00;0,00E+00
9439785;5,69E-01;-3,80E-01;-2,17E-06;-1,35E-05;0,00E+00;0,00E+00;0,00E+00;0,00E+00
9464174;5,68E-01;-3,80E-01;-1,19E-05;-2,15E-05;0,00E+00;0,00E+00;0,00E+00;0,00E+00
9488563;5,68E-01;-3,81E-01;-1,95E-05;-2,04E-05;0,00E+00;0,00E+00;0,00E+00;0,00E+00
9512952;5,67E-01;-3,81E-01;-1,16E-05;-2,53E-05;0,00E+00;0,00E+00;0,00E+00;0,00E+00
9537341;5,66E-01;-3,82E-01;-1,18E-06;-2,03E-06;0,00E+00;0,00E+00;0,00E+00;0,00E+00
9561730;5,65E-01;-3,82E-01;2,51E-05;5,26E-06;0,00E+00;0,00E+00;0,00E+00;0,00E+00
9586119;5,64E-01;-3,82E-01;-4,37E-05;2,40E-05;0,00E+00;0,00E+00;0,00E+00;0,00E+00
9610508;5,63E-01;-3,83E-01;-3,85E-05;1,11E-05;0,00E+00;0,00E+00;0,00E+00;0,00E+00
9634897;5,62E-01;-3,83E-01;-1,21E-05;-3,67E-05;0,00E+00;0,00E+00;0,00E+00;0,00E+00
9659286;5,62E-01;-3,84E-01;1,85E-06;-2,95E-05;0,00E+00;0,00E+00;0,00E+00;0,00E+00
9683675;5,61E-01;-3,84E-01;-2,93E-05;2,52E-06;0,00E+00;0,00E+00;0,00E+00;0,00E+00
9708065;5,60E-01;-3,84E-01;-1,19E-05;9,78E-06;0,00E+00;0,00E+00;0,00E+00;0,00E+00
9732454;5,59E-01;-3,85E-01;-2,47E-05;-8,71E-06;0,00E+00;0,00E+00;0,00E+00;0,00E+00
9756843;5,58E-01;-3,85E-01;-1,73E-05;-7,72E-06;0,00E+00;0,00E+00;0,00E+00;0,00E+00
9781232;5,57E-01;-3,85E-01;3,37E-05;-2,82E-06;0,00E+00;0,00E+00;0,00E+00;0,00E+00
9805621;5,56E-01;-3,85E-01;-2,40E-05;-2,99E-05;0,00E+00;0,00E+00;0,00E+00;0,00E+00
9830010;5,56E-01;-3,86E-01;-5,67E-06;1,35E-05;0,00E+00;0,00E+00;0,00E+00;0,00E+00
9854399;5,54E-01;-3,87E-01;1,93E-05;1,87E-05;0,00E+00;0,00E+00;0,00E+00;0,00E+00
9878788;5,54E-01;-3,87E-01;-4,66E-06;2,01E-05;0,00E+00;0,00E+00;0,00E+00;0,00E+00
9903177;5,53E-01;-3,87E-01;-2,93E-05;-1,31E-05;0,00E+00;0,00E+00;0,00E+00;0,00E+00
9927566;5,52E-01;-3,87E-01;1,16E-05;5,23E-06;0,00E+00;0,00E+00;0,00E+00;0,00E+00
9951955;5,51E-01;-3,88E-01;3,49E-07;-1,36E-06;0,00E+00;0,00E+00;0,00E+00;0,00E+00
9976344;5,50E-01;-3,88E-01;-1,53E-05;-3,35E-05;0,00E+00;0,00E+00;0,00E+00;0,00E+00
10000733;5,50E-01;-3,89E-01;1,87E-05;-1,99E-06;0,00E+00;0,00E+00;0,00E+00;0,00E+00
10025122;5,49E-01;-3,89E-01;-1,42E-05;-1,27E-05;0,00E+00;0,00E+00;0,00E+00;0,00E+00
10049511;5,48E-01;-3,89E-01;1,97E-05;-3,90E-05;0,00E+00;0,00E+00;0,00E+00;0,00E+00
10073900;5,47E-01;-3,90E-01;-6,46E-06;3,81E-05;0,00E+00;0,00E+00;0,00E+00;0,00E+00
10098289;5,46E-01;-3,90E-01;-3,81E-05;-8,91E-06;0,00E+00;0,00E+00;0,00E+00;0,00E+00
10122678;5,45E-01;-3,90E-01;5,67E-06;-3,89E-05;0,00E+00;0,00E+00;0,00E+00;0,00E+00
10147067;5,45E-01;-3,91E-01;-1,73E-05;-5,19E-06;0,00E+00;0,00E+00;0,00E+00;0,00E+00
10171457;5,43E-01;-3,91E-01;-2,60E-05;-8,79E-06;0,00E+00;0,00E+00;0,00E+00;0,00E+00
10195846;5,43E-01;-3,91E-01;-4,31E-05;3,78E-05;0,00E+00;0,00E+00;0,00E+00;0,00E+00
10220235;5,41E-01;-3,92E-01;-9,32E-06;-3,29E-05;0,00E+00;0,00E+00;0,00E+00;0,00E+00
10244624;5,41E-01;-3,92E-01;3,62E-05;-1,29E-05;0,00E+00;0,00E+00;0,00E+00;0,00E+00
10269013;5,40E-01;-3,92E-01;-2,30E-05;4,35E-05;0,00E+00;0,00E+00;0,00E+00;0,00E+00
10293402;5,39E-01;-3,92E-01;6,30E-06;6,61E-05;0,00E+00;0,00E+00;0,00E+00;0,00E+00
10317791;5,38E-01;-3,93E-01;2,39E-05;1,11E-05;0,00E+00;0,00E+00;0,00E+00;0,00E+00
10342180;5,38E-01;-3,93E-01;8,08E-06;-2,97E-05;0,00E+00;0,00E+00;0,00E+00;0,00E+00
10366569;5,37E-01;-3,93E-01;-3,68E-05;1,42E-05;0,00E+00;0,00E+00;0,00E+00;0,00E+00
10390958;5,36E-01;-3,94E-01;-5,45E-06;1,19E-05;0,00E+00;0,00E+00;0,00E+00;0,00E+00
10415347;5,35E-01;-3,94E-01;-1,65E-05;-3,00E-05;0,00E+00;0,00E+00;0,00E+00;0,00E+00
10439736;5,34E-01;-3,94E-01;-2,33E-05;1,92E-05;0,00E+00;0,00E+00;0,00E+00;0,00E+00
10464125;5,34E-01;-3,94E-01;-1,84E-05;-1,62E-06;0,00E+00;0,00E+00;0,00E+00;0,00E+00
10488514;5,33E-01;-3,95E-01;-2,23E-06;2,82E-05;0,00E+00;0,00E+00;0,00E+00;0,00E+00
10512903;5,32E-01;-3,95E-01;-2,50E-05;1,26E-05;0,00E+00;0,00E+00;0,00E+00;0,00E+00
10537292;5,31E-01;-3,96E-01;-7,70E-06;-1,09E-05;0,00E+00;0,00E+00;0,00E+00;0,00E+00
10561681;5,30E-01;-3,96E-01;-5,05E-06;-5,03E-05;0,00E+00;0,00E+00;0,00E+00;0,00E+00
10586070;5,29E-01;-3,96E-01;-1,70E-05;1,14E-05;0,00E+00;0,00E+00;0,00E+00;0,00E+00
10610459;5,28E-01;-3,96E-01;2,33E-06;5,63E-06;0,00E+00;0,00E+00;0,00E+00;0,00E+00
10634848;5,28E-01;-3,97E-01;2,99E-06;5,47E-05;0,00E+00;0,00E+00;0,00E+00;0,00E+00
10659238;5,27E-01;-3,97E-01;1,74E-05;2,14E-05;0,00E+00;0,00E+00;0,00E+00;0,00E+00
10683627;5,26E-01;-3,97E-01;-9,04E-07;-4,15E-06;0,00E+00;0,00E+00;0,00E+00;0,00E+00
10708016;5,26E-01;-3,97E-01;-1,76E-05;1,17E-05;0,00E+00;0,00E+00;0,00E+00;0,00E+00
10732405;5,25E-01;-3,98E-01;-2,21E-05;5,14E-06;0,00E+00;0,00E+00;0,00E+00;0,00E+00
10756794;5,24E-01;-3,98E-01;8,62E-06;-2,83E-05;0,00E+00;0,00E+00;0,00E+00;0,00E+00
10781183;5,23E-01;-3,98E-01;-4,48E-06;-5,76E-07;0,00E+00;0,00E+00;0,00E+00;0,00E+00
10805572;5,22E-01;-3,99E-01;-1,78E-05;-2,68E-05;0,00E+00;0,00E+00;0,00E+00;0,00E+00
10829961;5,21E-01;-3,99E-01;2,91E-05;8,48E-06;0,00E+00;0,00E+00;0,00E+00;0,00E+00
10854350;5,20E-01;-3,99E-01;-3,80E-05;-2,96E-06;0,00E+00;0,00E+00;0,00E+00;0,00E+00
10878739;5,20E-01;-3,99E-01;5,66E-06;3,39E-05;0,00E+00;0,00E+00;0,00E+00;0,00E+00
10903128;5,18E-01;-3,99E-01;-3,55E-06;-1,04E-05;0,00E+00;0,00E+00;0,00E+00;0,00E+00
10927517;5,18E-01;-4,00E-01;-1,78E-05;3,27E-06;0,00E+00;0,00E+00;0,00E+00;0,00E+00
10951906;5,17E-01;-4,00E-01;6,78E-06;2,14E-06;0,00E+00;0,00E+00;0,00E+00;0,00E+00
10976295;5,17E-01;-4,00E-01;-2,92E-07;-1,60E-05;0,00E+00;0,00E+00;0,00E+00;0,00E+00
11000684;5,15E-01;-4,01E-01;8,48E-06;4,45E-06;0,00E+00;0,00E+00;0,00E+00;0,00E+00
11025073;5,15E-01;-4,00E-01;-2,71E-05;-2,07E-05;0,00E+00;0,00E+00;0,00E+00;0,00E+00
11049462;5,14E-01;-4,01E-01;1,68E-05;3,82E-05;0,00E+00;0,00E+00;0,00E+00;0,00E+00
11073851;5,13E-01;-4,01E-01;5,65E-05;-2,20E-05;0,00E+00;0,00E+00;0,00E+00;0,00E+00
11098240;5,12E-01;-4,02E-01;2,28E-06;-7,28E-06;0,00E+00;0,00E+00;0,00E+00;0,00E+00
11122630;5,11E-01;-4,02E-01;2,14E-05;-7,72E-07;0,00E+00;0,00E+00;0,00E+00;0,00E+00
11147019;5,11E-01;-4,02E-01;-1,92E-05;-8,88E-07;0,00E+00;0,00E+00;0,00E+00;0,00E+00
11171408;5,10E-01;-4,03E-01;3,74E-05;7,57E-06;0,00E+00;0,00E+00;0,00E+00;0,00E+00
11195797;5,09E-01;-4,02E-01;-1,56E-05;1,69E-05;0,00E+00;0,00E+00;0,00E+00;0,00E+00
11220186;5,08E-01;-4,03E-01;6,93E-06;-1,68E-05;0,00E+00;0,00E+00;0,00E+00;0,00E+00
11244575;5,07E-01;-4,03E-01;-6,46E-06;-5,24E-06;0,00E+00;0,00E+00;0,00E+00;0,00E+00
11268964;5,07E-01;-4,03E-01;1,64E-05;-1,98E-06;0,00E+00;0,00E+00;0,00E+00;0,00E+00
11293353;5,06E-01;-4,03E-01;-2,97E-05;6,21E-06;0,00E+00;0,00E+00;0,00E+00;0,00E+00
11317742;5,05E-01;-4,04E-01;-6,25E-06;-6,51E-06;0,00E+00;0,00E+00;0,00E+00;0,00E+00
11342131;5,04E-01;-4,04E-01;-1,63E-05;3,10E-05;0,00E+00;0,00E+00;0,00E+00;0,00E+00
11366520;5,04E-01;-4,04E-01;1,26E-05;-2,21E-05;0,00E+00;0,00E+00;0,00E+00;0,00E+00
11390909;5,03E-01;-4,04E-01;1,24E-05;3,17E-05;0,00E+00;0,00E+00;0,00E+00;0,00E+00
11415298;5,02E-01;-4,04E-01;6,69E-06;-1,87E-05;0,00E+00;0,00E+00;0,00E+00;0,00E+00
11439687;5,01E-01;-4,05E-01;1,27E-05;1,13E-06;0,00E+00;0,00E+00;0,00E+00;0,00E+00
11464076;5,00E-01;-4,05E-01;-1,96E-06;9,59E-07;0,00E+00;0,00E+00;0,00E+00;0,00E+00
11488465;5,00E-01;-4,05E-01;-5,54E-05;3,37E-05;0,00E+00;0,00E+00;0,00E+00;0,00E+00
11512854;4,99E-01;-4,06E-01;1,62E-05;-1,27E-05;0,00E+00;0,00E+00;0,00E+00;0,00E+00
11537243;4,98E-01;-4,05E-01;-3,88E-05;8,87E-06;0,00E+00;0,00E+00;0,00E+00;0,00E+00
11561632;4,98E-01;-4,06E-01;2,47E-07;4,42E-06;0,00E+00;0,00E+00;0,00E+00;0,00E+00
11586022;4,96E-01;-4,06E-01;-3,27E-05;-2,54E-05;0,00E+00;0,00E+00;0,00E+00;0,00E+00
11610411;4,96E-01;-4,06E-01;1,55E-05;-1,61E-05;0,00E+00;0,00E+00;0,00E+00;0,00E+00
11634800;4,95E-01;-4,06E-01;4,07E-05;3,35E-05;0,00E+00;0,00E+00;0,00E+00;0,00E+00
11659189;4,94E-01;-4,06E-01;-5,86E-06;-2,18E-05;0,00E+00;0,00E+00;0,00E+00;0,00E+00
11683578;4,93E-01;-4,07E-01;3,03E-05;-4,79E-06;0,00E+00;0,00E+00;0,00E+00;0,00E+00
11707967;4,93E-01;-4,07E-01;4,15E-06;-6,26E-06;0,00E+00;0,00E+00;0,00E+00;0,00E+00
11732356;4,91E-01;-4,07E-01;-1,31E-05;1,04E-05;0,00E+00;0,00E+00;0,00E+00;0,00E+00
11756745;4,91E-01;-4,07E-01;1,53E-05;-1,17E-05;0,00E+00;0,00E+00;0,00E+00;0,00E+00
11781134;4,90E-01;-4,08E-01;2,78E-05;-3,93E-05;0,00E+00;0,00E+00;0,00E+00;0,00E+00
11805523;4,90E-01;-4,08E-01;-2,46E-05;6,98E-06;0,00E+00;0,00E+00;0,00E+00;0,00E+00
11829912;4,89E-01;-4,08E-01;1,82E-06;-1,21E-05;0,00E+00;0,00E+00;0,00E+00;0,00E+00
11854301;4,88E-01;-4,08E-01;-2,70E-05;6,38E-06;0,00E+00;0,00E+00;0,00E+00;0,00E+00
11878690;4,87E-01;-4,09E-01;-4,08E-05;6,78E-06;0,00E+00;0,00E+00;0,00E+00;0,00E+00
11903079;4,86E-01;-4,09E-01;-1,17E-05;1,78E-05;0,00E+00;0,00E+00;0,00E+00;0,00E+00
11927468;4,86E-01;-4,09E-01;1,35E-05;-3,76E-06;0,00E+00;0,00E+00;0,00E+00;0,00E+00
11951857;4,85E-01;-4,09E-01;-1,69E-05;7,28E-07;0,00E+00;0,00E+00;0,00E+00;0,00E+00
11976246;4,84E-01;-4,09E-01;1,37E-05;9,43E-06;0,00E+00;0,00E+00;0,00E+00;0,00E+00
12000635;4,83E-01;-4,09E-01;-3,20E-05;-2,55E-05;0,00E+00;0,00E+00;0,00E+00;0,00E+00
12025024;4,82E-01;-4,10E-01;7,05E-05;3,56E-06;0,00E+00;0,00E+00;0,00E+00;0,00E+00
12049413;4,82E-01;-4,10E-01;1,36E-05;1,57E-05;0,00E+00;0,00E+00;0,00E+00;0,00E+00
12073803;4,81E-01;-4,10E-01;-1,67E-05;-3,51E-05;0,00E+00;0,00E+00;0,00E+00;0,00E+00
12098192;4,80E-01;-4,10E-01;2,01E-05;3,44E-06;0,00E+00;0,00E+00;0,00E+00;0,00E+00
12122581;4,79E-01;-4,10E-01;-3,17E-06;-2,81E-05;0,00E+00;0,00E+00;0,00E+00;0,00E+00
12146970;4,79E-01;-4,10E-01;2,20E-05;-1,17E-05;0,00E+00;0,00E+00;0,00E+00;0,00E+00
12171359;4,78E-01;-4,10E-01;-2,01E-05;6,73E-05;0,00E+00;0,00E+00;0,00E+00;0,00E+00
12195748;4,77E-01;-4,11E-01;-3,40E-05;-5,18E-05;0,00E+00;0,00E+00;0,00E+00;0,00E+00
12220137;4,76E-01;-4,11E-01;-3,67E-05;3,23E-05;0,00E+00;0,00E+00;0,00E+00;0,00E+00
12244526;4,76E-01;-4,11E-01;1,04E-05;-2,99E-05;0,00E+00;0,00E+00;0,00E+00;0,00E+00
12268915;4,75E-01;-4,12E-01;-4,87E-06;2,48E-06;0,00E+00;0,00E+00;0,00E+00;0,00E+00
12293304;4,74E-01;-4,11E-01;1,03E-05;-1,77E-05;0,00E+00;0,00E+00;0,00E+00;0,00E+00
12317693;4,74E-01;-4,12E-01;-7,53E-07;5,89E-06;0,00E+00;0,00E+00;0,00E+00;0,00E+00
12342082;4,73E-01;-4,12E-01;-1,41E-05;-1,97E-06;0,00E+00;0,00E+00;0,00E+00;0,00E+00
12366471;4,72E-01;-4,12E-01;-4,16E-05;1,44E-05;0,00E+00;0,00E+00;0,00E+00;0,00E+00
12390860;4,71E-01;-4,12E-01;-4,30E-06;-3,57E-05;0,00E+00;0,00E+00;0,00E+00;0,00E+00
12415249;4,71E-01;-4,12E-01;-1,22E-05;-4,51E-05;0,00E+00;0,00E+00;0,00E+00;0,00E+00
12439638;4,70E-01;-4,12E-01;-2,93E-05;2,25E-05;0,00E+00;0,00E+00;0,00E+00;0,00E+00
12464027;4,69E-01;-4,12E-01;2,15E-05;-1,74E-05;0,00E+00;0,00E+00;0,00E+00;0,00E+00
12488416;4,68E-01;-4,13E-01;-2,51E-05;2,96E-05;0,00E+00;0,00E+00;0,00E+00;0,00E+00
12512805;4,68E-01;-4,13E-01;1,33E-05;2,11E-05;0,00E+00;0,00E+00;0,00E+00;0,00E+00
12537195;4,67E-01;-4,13E-01;-6,13E-05;1,66E-05;0,00E+00;0,00E+00;0,00E+00;0,00E+00
12561584;4,66E-01;-4,13E-01;1,40E-07;-7,09E-06;0,00E+00;0,00E+00;0,00E+00;0,00E+00
12585973;4,65E-01;-4,13E-01;-1,19E-05;-1,54E-05;0,00E+00;0,00E+00;0,00E+00;0,00E+00
12610362;4,65E-01;-4,13E-01;-9,55E-06;5,12E-06;0,00E+00;0,00E+00;0,00E+00;0,00E+00
12634751;4,64E-01;-4,14E-01;-4,16E-05;1,26E-05;0,00E+00;0,00E+00;0,00E+00;0,00E+00
12659140;4,63E-01;-4,13E-01;-1,02E-05;-5,63E-05;0,00E+00;0,00E+00;0,00E+00;0,00E+00
12683529;4,63E-01;-4,14E-01;-1,72E-05;-1,77E-05;0,00E+00;0,00E+00;0,00E+00;0,00E+00
12707918;4,62E-01;-4,14E-01;-1,95E-05;-1,59E-05;0,00E+00;0,00E+00;0,00E+00;0,00E+00
12732307;4,61E-01;-4,14E-01;-2,16E-05;-3,39E-06;0,00E+00;0,00E+00;0,00E+00;0,00E+00
12756696;4,60E-01;-4,14E-01;-3,13E-07;2,10E-05;0,00E+00;0,00E+00;0,00E+00;0,00E+00
12781085;4,60E-01;-4,14E-01;-1,29E-05;-1,14E-05;0,00E+00;0,00E+00;0,00E+00;0,00E+00
12805474;4,59E-01;-4,14E-01;-1,25E-05;2,41E-05;0,00E+00;0,00E+00;0,00E+00;0,00E+00
12829863;4,59E-01;-4,15E-01;-3,64E-05;5,31E-06;0,00E+00;0,00E+00;0,00E+00;0,00E+00
12854252;4,57E-01;-4,15E-01;7,14E-06;-1,30E-05;0,00E+00;0,00E+00;0,00E+00;0,00E+00
12878641;4,57E-01;-4,14E-01;-3,48E-05;3,69E-06;0,00E+00;0,00E+00;0,00E+00;0,00E+00
12903030;4,56E-01;-4,15E-01;-4,43E-05;-3,28E-05;0,00E+00;0,00E+00;0,00E+00;0,00E+00
12927419;4,55E-01;-4,15E-01;2,41E-05;-1,54E-05;0,00E+00;0,00E+00;0,00E+00;0,00E+00
12951808;4,54E-01;-4,15E-01;2,05E-05;7,21E-05;0,00E+00;0,00E+00;0,00E+00;0,00E+00
12976197;4,54E-01;-4,15E-01;8,63E-07;-1,77E-06;0,00E+00;0,00E+00;0,00E+00;0,00E+00
13000587;4,53E-01;-4,15E-01;8,06E-06;1,80E-05;0,00E+00;0,00E+00;0,00E+00;0,00E+00
13024976;4,52E-01;-4,16E-01;-3,17E-05;2,04E-05;0,00E+00;0,00E+00;0,00E+00;0,00E+00
13049365;4,52E-01;-4,15E-01;-1,65E-05;7,27E-05;0,00E+00;0,00E+00;0,00E+00;0,00E+00
13073754;4,51E-01;-4,16E-01;-2,92E-05;3,00E-05;0,00E+00;0,00E+00;0,00E+00;0,00E+00
13098143;4,50E-01;-4,16E-01;-2,15E-05;2,04E-05;0,00E+00;0,00E+00;0,00E+00;0,00E+00
13122532;4,50E-01;-4,16E-01;2,91E-05;4,79E-05;0,00E+00;0,00E+00;0,00E+00;0,00E+00
13146921;4,49E-01;-4,16E-01;2,11E-05;-2,79E-05;0,00E+00;0,00E+00;0,00E+00;0,00E+00
13171310;4,48E-01;-4,16E-01;2,51E-05;4,91E-05;0,00E+00;0,00E+00;0,00E+00;0,00E+00
13195699;4,47E-01;-4,16E-01;-2,41E-05;4,58E-05;0,00E+00;0,00E+00;0,00E+00;0,00E+00
13220088;4,47E-01;-4,16E-01;1,02E-05;1,91E-05;0,00E+00;0,00E+00;0,00E+00;0,00E+00
13244477;4,46E-01;-4,16E-01;1,02E-05;-1,47E-05;0,00E+00;0,00E+00;0,00E+00;0,00E+00
13268866;4,46E-01;-4,16E-01;-1,89E-05;5,00E-05;0,00E+00;0,00E+00;0,00E+00;0,00E+00
13293255;4,45E-01;-4,17E-01;-1,52E-05;2,35E-05;0,00E+00;0,00E+00;0,00E+00;0,00E+00
13317644;4,44E-01;-4,17E-01;1,33E-05;1,43E-06;0,00E+00;0,00E+00;0,00E+00;0,00E+00
13342033;4,43E-01;-4,17E-01;1,27E-05;-6,60E-06;0,00E+00;0,00E+00;0,00E+00;0,00E+00
13366422;4,42E-01;-4,17E-01;-1,18E-05;-1,79E-05;0,00E+00;0,00E+00;0,00E+00;0,00E+00
13390811;4,42E-01;-4,17E-01;1,40E-05;-3,62E-05;0,00E+00;0,00E+00;0,00E+00;0,00E+00
13415200;4,41E-01;-4,17E-01;2,63E-05;-4,13E-05;0,00E+00;0,00E+00;0,00E+00;0,00E+00
13439589;4,41E-01;-4,17E-01;-1,06E-05;1,83E-06;0,00E+00;0,00E+00;0,00E+00;0,00E+00
13463978;4,40E-01;-4,17E-01;-5,94E-06;2,88E-06;0,00E+00;0,00E+00;0,00E+00;0,00E+00
13488368;4,39E-01;-4,17E-01;8,30E-06;-2,25E-05;0,00E+00;0,00E+00;0,00E+00;0,00E+00
13512757;4,39E-01;-4,18E-01;-1,24E-05;1,52E-05;0,00E+00;0,00E+00;0,00E+00;0,00E+00
13537146;4,38E-01;-4,18E-01;1,41E-05;-1,75E-06;0,00E+00;0,00E+00;0,00E+00;0,00E+00
13561535;4,37E-01;-4,18E-01;-1,15E-05;1,59E-06;0,00E+00;0,00E+00;0,00E+00;0,00E+00
13585924;4,36E-01;-4,18E-01;3,99E-06;-8,78E-06;0,00E+00;0,00E+00;0,00E+00;0,00E+00
13610313;4,36E-01;-4,18E-01;-2,06E-05;1,37E-05;0,00E+00;0,00E+00;0,00E+00;0,00E+00
13634702;4,35E-01;-4,18E-01;2,04E-05;-1,63E-05;0,00E+00;0,00E+00;0,00E+00;0,00E+00
13659091;4,34E-01;-4,18E-01;5,32E-06;-2,42E-06;0,00E+00;0,00E+00;0,00E+00;0,00E+00
13683480;4,34E-01;-4,18E-01;-2,82E-05;2,23E-05;0,00E+00;0,00E+00;0,00E+00;0,00E+00
13707869;4,33E-01;-4,18E-01;-3,76E-06;2,00E-07;0,00E+00;0,00E+00;0,00E+00;0,00E+00
13732258;4,32E-01;-4,18E-01;2,90E-05;-3,06E-05;0,00E+00;0,00E+00;0,00E+00;0,00E+00
13756647;4,32E-01;-4,18E-01;-3,07E-05;3,53E-05;0,00E+00;0,00E+00;0,00E+00;0,00E+00
13781036;4,31E-01;-4,19E-01;-4,13E-05;1,83E-05;0,00E+00;0,00E+00;0,00E+00;0,00E+00
13805425;4,30E-01;-4,18E-01;-2,47E-05;1,35E-06;0,00E+00;0,00E+00;0,00E+00;0,00E+00
13829814;4,30E-01;-4,19E-01;-1,68E-05;-6,16E-06;0,00E+00;0,00E+00;0,00E+00;0,00E+00
13854203;4,29E-01;-4,19E-01;-1,86E-06;2,72E-05;0,00E+00;0,00E+00;0,00E+00;0,00E+00
13878592;4,28E-01;-4,19E-01;2,35E-06;1,51E-05;0,00E+00;0,00E+00;0,00E+00;0,00E+00
13902981;4,27E-01;-4,19E-01;1,13E-05;-1,50E-05;0,00E+00;0,00E+00;0,00E+00;0,00E+00
13927370;4,27E-01;-4,19E-01;4,67E-06;-2,68E-06;0,00E+00;0,00E+00;0,00E+00;0,00E+00
13951760;4,26E-01;-4,19E-01;6,78E-06;-1,39E-06;0,00E+00;0,00E+00;0,00E+00;0,00E+00
13976149;4,25E-01;-4,19E-01;-4,79E-06;4,53E-05;0,00E+00;0,00E+00;0,00E+00;0,00E+00
14000538;4,25E-01;-4,19E-01;4,61E-06;3,63E-05;0,00E+00;0,00E+00;0,00E+00;0,00E+00
14024927;4,24E-01;-4,19E-01;-1,32E-05;-4,80E-06;0,00E+00;0,00E+00;0,00E+00;0,00E+00
14049316;4,24E-01;-4,19E-01;-6,61E-06;2,30E-05;0,00E+00;0,00E+00;0,00E+00;0,00E+00
14073705;4,23E-01;-4,19E-01;-7,78E-06;3,77E-05;0,00E+00;0,00E+00;0,00E+00;0,00E+00
14098094;4,22E-01;-4,19E-01;-1,82E-05;-6,00E-06;0,00E+00;0,00E+00;0,00E+00;0,00E+00
14122483;4,22E-01;-4,20E-01;1,50E-05;2,45E-06;0,00E+00;0,00E+00;0,00E+00;0,00E+00
14146872;4,21E-01;-4,19E-01;-2,75E-06;1,08E-05;0,00E+00;0,00E+00;0,00E+00;0,00E+00
14171261;4,20E-01;-4,20E-01;-1,93E-05;-3,20E-05;0,00E+00;0,00E+00;0,00E+00;0,00E+00
14195650;4,19E-01;-4,20E-01;6,23E-05;3,14E-05;0,00E+00;0,00E+00;0,00E+00;0,00E+00
14220039;4,19E-01;-4,20E-01;-5,21E-06;-2,96E-05;0,00E+00;0,00E+00;0,00E+00;0,00E+00
14244428;4,18E-01;-4,20E-01;-1,73E-05;1,20E-05;0,00E+00;0,00E+00;0,00E+00;0,00E+00
14268817;4,17E-01;-4,19E-01;-1,56E-05;-4,72E-05;0,00E+00;0,00E+00;0,00E+00;0,00E+00
14293206;4,17E-01;-4,20E-01;-2,52E-05;3,90E-05;0,00E+00;0,00E+00;0,00E+00;0,00E+00
14317595;4,16E-01;-4,20E-01;-1,70E-06;1,83E-05;0,00E+00;0,00E+00;0,00E+00;0,00E+00
14341984;4,16E-01;-4,20E-01;1,76E-05;2,35E-05;0,00E+00;0,00E+00;0,00E+00;0,00E+00
14366373;4,15E-01;-4,20E-01;1,31E-05;5,44E-06;0,00E+00;0,00E+00;0,00E+00;0,00E+00
14390762;4,15E-01;-4,20E-01;3,02E-05;5,90E-05;0,00E+00;0,00E+00;0,00E+00;0,00E+00
14415152;4,13E-01;-4,20E-01;1,32E-05;4,16E-05;0,00E+00;0,00E+00;0,00E+00;0,00E+00
14439541;4,13E-01;-4,20E-01;2,56E-05;-3,40E-05;0,00E+00;0,00E+00;0,00E+00;0,00E+00
14463930;4,12E-01;-4,20E-01;-1,30E-05;-1,40E-05;0,00E+00;0,00E+00;0,00E+00;0,00E+00
14488319;4,12E-01;-4,21E-01;-1,53E-05;5,95E-06;0,00E+00;0,00E+00;0,00E+00;0,00E+00
14512708;4,11E-01;-4,20E-01;3,77E-05;-6,46E-07;0,00E+00;0,00E+00;0,00E+00;0,00E+00
14537097;4,11E-01;-4,20E-01;-1,68E-05;-7,22E-06;0,00E+00;0,00E+00;0,00E+00;0,00E+00
14561486;4,10E-01;-4,20E-01;1,14E-05;1,17E-05;0,00E+00;0,00E+00;0,00E+00;0,00E+00
14585875;4,09E-01;-4,20E-01;-4,56E-06;2,31E-05;0,00E+00;0,00E+00;0,00E+00;0,00E+00
14610264;4,09E-01;-4,21E-01;1,26E-05;1,09E-05;0,00E+00;0,00E+00;0,00E+00;0,00E+00
14634653;4,08E-01;-4,20E-01;-1,95E-05;1,40E-05;0,00E+00;0,00E+00;0,00E+00;0,00E+00
14659042;4,07E-01;-4,21E-01;1,43E-05;2,56E-05;0,00E+00;0,00E+00;0,00E+00;0,00E+00
14683431;4,06E-01;-4,21E-01;-1,64E-05;3,53E-05;0,00E+00;0,00E+00;0,00E+00;0,00E+00
14707820;4,06E-01;-4,21E-01;-5,16E-06;-2,33E-05;0,00E+00;0,00E+00;0,00E+00;0,00E+00
14732209;4,05E-01;-4,21E-01;3,49E-05;-2,03E-05;0,00E+00;0,00E+00;0,00E+00;0,00E+00
14756598;4,05E-01;-4,21E-01;-1,63E-05;-1,76E-05;0,00E+00;0,00E+00;0,00E+00;0,00E+00
14780987;4,04E-01;-4,21E-01;2,16E-05;-9,77E-06;0,00E+00;0,00E+00;0,00E+00;0,00E+00
14805376;4,04E-01;-4,21E-01;2,57E-06;-1,93E-05;0,00E+00;0,00E+00;0,00E+00;0,00E+00
14829765;4,03E-01;-4,21E-01;2,03E-05;3,41E-05;0,00E+00;0,00E+00;0,00E+00;0,00E+00
14854154;4,02E-01;-4,21E-01;1,06E-06;-7,31E-06;0,00E+00;0,00E+00;0,00E+00;0,00E+00
14878543;4,02E-01;-4,21E-01;1,21E-05;5,23E-05;0,00E+00;0,00E+00;0,00E+00;0,00E+00
14902933;4,01E-01;-4,21E-01;-1,26E-05;2,44E-05;0,00E+00;0,00E+00;0,00E+00;0,00E+00
14927322;4,00E-01;-4,21E-01;-1,71E-05;-3,81E-05;0,00E+00;0,00E+00;0,00E+00;0,00E+00
14951711;4,00E-01;-4,21E-01;1,19E-05;-1,29E-05;0,00E+00;0,00E+00;0,00E+00;0,00E+00
14976100;3,99E-01;-4,21E-01;-7,60E-06;2,94E-05;0,00E+00;0,00E+00;0,00E+00;0,00E+00
15000489;3,98E-01;-4,21E-01;-1,54E-05;-2,42E-05;0,00E+00;0,00E+00;0,00E+00;0,00E+00
15024878;3,98E-01;-4,21E-01;1,84E-05;4,49E-06;0,00E+00;0,00E+00;0,00E+00;0,00E+00
15049267;3,97E-01;-4,21E-01;2,10E-05;-2,31E-05;0,00E+00;0,00E+00;0,00E+00;0,00E+00
15073656;3,97E-01;-4,21E-01;-4,45E-05;1,08E-05;0,00E+00;0,00E+00;0,00E+00;0,00E+00
15098045;3,96E-01;-4,21E-01;1,28E-05;-2,70E-05;0,00E+00;0,00E+00;0,00E+00;0,00E+00
15122434;3,95E-01;-4,21E-01;-9,40E-06;-1,29E-05;0,00E+00;0,00E+00;0,00E+00;0,00E+00
15146823;3,95E-01;-4,21E-01;-5,59E-07;2,38E-06;0,00E+00;0,00E+00;0,00E+00;0,00E+00
15171212;3,94E-01;-4,22E-01;1,66E-05;8,71E-06;0,00E+00;0,00E+00;0,00E+00;0,00E+00
15195601;3,94E-01;-4,21E-01;1,02E-08;-1,41E-05;0,00E+00;0,00E+00;0,00E+00;0,00E+00
15219990;3,93E-01;-4,22E-01;2,83E-05;1,72E-05;0,00E+00;0,00E+00;0,00E+00;0,00E+00
15244379;3,92E-01;-4,21E-01;1,17E-06;8,65E-06;0,00E+00;0,00E+00;0,00E+00;0,00E+00
15268768;3,92E-01;-4,22E-01;-4,94E-05;4,24E-05;0,00E+00;0,00E+00;0,00E+00;0,00E+00
15293157;3,91E-01;-4,21E-01;1,06E-04;1,36E-04;0,00E+00;0,00E+00;0,00E+00;0,00E+00
15317546;3,91E-01;-4,21E-01;2,39E-04;4,65E-06;0,00E+00;0,00E+00;0,00E+00;0,00E+00
15341935;3,90E-01;-4,22E-01;2,42E-05;-1,40E-05;0,00E+00;0,00E+00;0,00E+00;0,00E+00
15366325;3,90E-01;-4,21E-01;-5,06E-06;1,46E-05;0,00E+00;0,00E+00;0,00E+00;0,00E+00
15390714;3,89E-01;-4,22E-01;1,24E-04;-4,77E-05;0,00E+00;0,00E+00;0,00E+00;0,00E+00
15415103;3,88E-01;-4,21E-01;-1,30E-04;3,88E-05;0,00E+00;0,00E+00;0,00E+00;0,00E+00
15439492;3,88E-01;-4,22E-01;7,99E-05;3,81E-05;0,00E+00;0,00E+00;0,00E+00;0,00E+00
15463881;3,87E-01;-4,22E-01;5,97E-05;-1,20E-05;0,00E+00;0,00E+00;0,00E+00;0,00E+00
15488270;3,87E-01;-4,22E-01;-3,21E-05;-6,28E-06;0,00E+00;0,00E+00;0,00E+00;0,00E+00
15512659;3,86E-01;-4,21E-01;-4,25E-05;-3,51E-06;0,00E+00;0,00E+00;0,00E+00;0,00E+00
15537048;3,85E-01;-4,22E-01;-9,59E-06;7,22E-06;0,00E+00;0,00E+00;0,00E+00;0,00E+00
15561437;3,85E-01;-4,22E-01;1,07E-05;-2,56E-05;0,00E+00;0,00E+00;0,00E+00;0,00E+00
15585826;3,84E-01;-4,22E-01;2,86E-06;-3,30E-05;0,00E+00;0,00E+00;0,00E+00;0,00E+00
15610215;3,83E-01;-4,22E-01;1,49E-05;4,51E-07;0,00E+00;0,00E+00;0,00E+00;0,00E+00
15634604;3,83E-01;-4,22E-01;1,30E-05;-6,24E-06;0,00E+00;0,00E+00;0,00E+00;0,00E+00
15658993;3,82E-01;-4,22E-01;1,35E-05;1,41E-05;0,00E+00;0,00E+00;0,00E+00;0,00E+00
15683382;3,82E-01;-4,22E-01;6,72E-06;-4,53E-06;0,00E+00;0,00E+00;0,00E+00;0,00E+00
15707771;3,81E-01;-4,22E-01;-3,00E-05;1,34E-05;0,00E+00;0,00E+00;0,00E+00;0,00E+00
15732160;3,80E-01;-4,22E-01;2,01E-06;-1,93E-07;0,00E+00;0,00E+00;0,00E+00;0,00E+00
15756549;3,80E-01;-4,22E-01;1,69E-05;-2,24E-05;0,00E+00;0,00E+00;0,00E+00;0,00E+00
15780938;3,79E-01;-4,22E-01;6,09E-06;-2,02E-05;0,00E+00;0,00E+00;0,00E+00;0,00E+00
15805327;3,79E-01;-4,22E-01;-2,84E-05;1,14E-05;0,00E+00;0,00E+00;0,00E+00;0,00E+00
15829717;3,78E-01;-4,22E-01;1,00E-05;2,43E-05;0,00E+00;0,00E+00;0,00E+00;0,00E+00
15854106;3,78E-01;-4,22E-01;-9,84E-06;1,04E-05;0,00E+00;0,00E+00;0,00E+00;0,00E+00
15878495;3,77E-01;-4,22E-01;-8,20E-06;2,06E-05;0,00E+00;0,00E+00;0,00E+00;0,00E+00
15902884;3,77E-01;-4,22E-01;1,13E-05;-6,18E-05;0,00E+00;0,00E+00;0,00E+00;0,00E+00
15927273;3,76E-01;-4,22E-01;1,37E-05;2,44E-06;0,00E+00;0,00E+00;0,00E+00;0,00E+00
15951662;3,75E-01;-4,22E-01;7,33E-05;9,79E-06;0,00E+00;0,00E+00;0,00E+00;0,00E+00
15976051;3,75E-01;-4,22E-01;2,06E-05;1,84E-05;0,00E+00;0,00E+00;0,00E+00;0,00E+00
16000440;3,74E-01;-4,22E-01;-2,84E-05;-3,11E-05;0,00E+00;0,00E+00;0,00E+00;0,00E+00
16024829;3,74E-01;-4,22E-01;-2,16E-05;1,31E-05;0,00E+00;0,00E+00;0,00E+00;0,00E+00
16049218;3,73E-01;-4,22E-01;-4,36E-06;6,43E-05;0,00E+00;0,00E+00;0,00E+00;0,00E+00
16073607;3,73E-01;-4,22E-01;-1,26E-06;-2,16E-05;0,00E+00;0,00E+00;0,00E+00;0,00E+00
16097996;3,72E-01;-4,22E-01;-1,21E-07;-4,24E-06;0,00E+00;0,00E+00;0,00E+00;0,00E+00
16122385;3,71E-01;-4,22E-01;-1,59E-05;-2,57E-07;0,00E+00;0,00E+00;0,00E+00;0,00E+00
16146774;3,71E-01;-4,22E-01;3,98E-06;-2,48E-05;0,00E+00;0,00E+00;0,00E+00;0,00E+00
16171163;3,70E-01;-4,22E-01;-5,48E-06;-2,10E-05;0,00E+00;0,00E+00;0,00E+00;0,00E+00
16195552;3,70E-01;-4,22E-01;-2,05E-05;2,65E-05;0,00E+00;0,00E+00;0,00E+00;0,00E+00
16219941;3,69E-01;-4,22E-01;-8,30E-06;-1,17E-05;0,00E+00;0,00E+00;0,00E+00;0,00E+00
16244330;3,69E-01;-4,22E-01;3,93E-07;-3,55E-05;0,00E+00;0,00E+00;0,00E+00;0,00E+00
16268719;3,68E-01;-4,22E-01;1,43E-06;1,10E-05;0,00E+00;0,00E+00;0,00E+00;0,00E+00
16293109;3,67E-01;-4,22E-01;-2,99E-05;2,46E-06;0,00E+00;0,00E+00;0,00E+00;0,00E+00
16317498;3,67E-01;-4,22E-01;-2,85E-05;4,39E-05;0,00E+00;0,00E+00;0,00E+00;0,00E+00
16341887;3,66E-01;-4,22E-01;-4,58E-06;2,80E-05;0,00E+00;0,00E+00;0,00E+00;0,00E+00
16366276;3,66E-01;-4,22E-01;-3,20E-05;3,57E-05;0,00E+00;0,00E+00;0,00E+00;0,00E+00
16390665;3,65E-01;-4,22E-01;1,71E-05;-2,66E-05;0,00E+00;0,00E+00;0,00E+00;0,00E+00
16415054;3,65E-01;-4,22E-01;2,43E-05;3,83E-05;0,00E+00;0,00E+00;0,00E+00;0,00E+00
16439443;3,64E-01;-4,22E-01;4,05E-06;-3,87E-05;0,00E+00;0,00E+00;0,00E+00;0,00E+00
16463832;3,64E-01;-4,22E-01;-1,84E-05;-3,26E-05;0,00E+00;0,00E+00;0,00E+00;0,00E+00
16488221;3,63E-01;-4,22E-01;-1,98E-05;1,58E-05;0,00E+00;0,00E+00;0,00E+00;0,00E+00
16512610;3,62E-01;-4,22E-01;-1,89E-05;-8,73E-06;0,00E+00;0,00E+00;0,00E+00;0,00E+00
16536999;3,62E-01;-4,22E-01;2,71E-05;2,85E-06;0,00E+00;0,00E+00;0,00E+00;0,00E+00
16561388;3,61E-01;-4,21E-01;-2,01E-05;-2,33E-05;0,00E+00;0,00E+00;0,00E+00;0,00E+00
16585777;3,61E-01;-4,22E-01;3,85E-07;-4,61E-06;0,00E+00;0,00E+00;0,00E+00;0,00E+00
16610166;3,60E-01;-4,22E-01;2,48E-05;3,25E-06;0,00E+00;0,00E+00;0,00E+00;0,00E+00
16634555;3,60E-01;-4,22E-01;3,01E-06;6,27E-06;0,00E+00;0,00E+00;0,00E+00;0,00E+00
16658944;3,59E-01;-4,22E-01;1,78E-05;1,77E-05;0,00E+00;0,00E+00;0,00E+00;0,00E+00
16683333;3,59E-01;-4,22E-01;8,12E-06;-5,20E-05;0,00E+00;0,00E+00;0,00E+00;0,00E+00
16707722;3,58E-01;-4,21E-01;1,31E-05;2,62E-05;0,00E+00;0,00E+00;0,00E+00;0,00E+00
16732111;3,58E-01;-4,21E-01;-2,58E-05;3,64E-05;0,00E+00;0,00E+00;0,00E+00;0,00E+00
16756500;3,57E-01;-4,22E-01;-5,80E-05;3,93E-05;0,00E+00;0,00E+00;0,00E+00;0,00E+00
16780890;3,57E-01;-4,22E-01;1,77E-05;-3,83E-05;0,00E+00;0,00E+00;0,00E+00;0,00E+00
16805279;3,56E-01;-4,21E-01;3,21E-05;1,99E-06;0,00E+00;0,00E+00;0,00E+00;0,00E+00
16829668;3,56E-01;-4,22E-01;-3,11E-05;1,31E-06;0,00E+00;0,00E+00;0,00E+00;0,00E+00
16854057;3,55E-01;-4,21E-01;2,95E-05;-4,28E-06;0,00E+00;0,00E+00;0,00E+00;0,00E+00
16878446;3,55E-01;-4,21E-01;7,93E-06;1,00E-05;0,00E+00;0,00E+00;0,00E+00;0,00E+00
16902835;3,54E-01;-4,22E-01;-1,35E-05;2,14E-05;0,00E+00;0,00E+00;0,00E+00;0,00E+00
16927224;3,54E-01;-4,21E-01;-2,72E-05;7,39E-06;0,00E+00;0,00E+00;0,00E+00;0,00E+00
16951613;3,53E-01;-4,22E-01;4,16E-06;2,72E-05;0,00E+00;0,00E+00;0,00E+00;0,00E+00
16976002;3,53E-01;-4,22E-01;-7,76E-06;3,58E-05;0,00E+00;0,00E+00;0,00E+00;0,00E+00
17000391;3,52E-01;-4,21E-01;-2,10E-05;1,73E-05;0,00E+00;0,00E+00;0,00E+00;0,00E+00
17024780;3,51E-01;-4,21E-01;-1,41E-05;-9,27E-06;0,00E+00;0,00E+00;0,00E+00;0,00E+00
17049169;3,51E-01;-4,21E-01;-3,52E-05;1,16E-05;0,00E+00;0,00E+00;0,00E+00;0,00E+00
17073558;3,50E-01;-4,21E-01;1,32E-05;-1,45E-05;0,00E+00;0,00E+00;0,00E+00;0,00E+00
17097947;3,50E-01;-4,21E-01;-1,31E-05;1,64E-05;0,00E+00;0,00E+00;0,00E+00;0,00E+00
17122336;3,49E-01;-4,21E-01;7,02E-06;2,11E-05;0,00E+00;0,00E+00;0,00E+00;0,00E+00
17146725;3,49E-01;-4,22E-01;6,12E-06;2,27E-05;0,00E+00;0,00E+00;0,00E+00;0,00E+00
17171114;3,48E-01;-4,21E-01;3,50E-05;-2,69E-05;0,00E+00;0,00E+00;0,00E+00;0,00E+00
17195503;3,48E-01;-4,21E-01;5,14E-06;-3,06E-05;0,00E+00;0,00E+00;0,00E+00;0,00E+00
17219892;3,47E-01;-4,21E-01;-4,03E-05;9,91E-06;0,00E+00;0,00E+00;0,00E+00;0,00E+00
17244282;3,46E-01;-4,21E-01;1,02E-05;-3,11E-05;0,00E+00;0,00E+00;0,00E+00;0,00E+00
17268671;3,46E-01;-4,21E-01;2,50E-05;-3,10E-06;0,00E+00;0,00E+00;0,00E+00;0,00E+00
17293060;3,46E-01;-4,21E-01;-1,48E-05;-1,03E-05;0,00E+00;0,00E+00;0,00E+00;0,00E+00
17317449;3,45E-01;-4,21E-01;-2,52E-05;1,00E-05;0,00E+00;0,00E+00;0,00E+00;0,00E+00
17341838;3,44E-01;-4,21E-01;-4,51E-06;-4,28E-05;0,00E+00;0,00E+00;0,00E+00;0,00E+00
17366227;3,44E-01;-4,21E-01;-1,50E-05;3,32E-05;0,00E+00;0,00E+00;0,00E+00;0,00E+00
17390616;3,44E-01;-4,21E-01;2,21E-05;-5,74E-06;0,00E+00;0,00E+00;0,00E+00;0,00E+00
17415005;3,43E-01;-4,21E-01;-2,29E-05;1,29E-05;0,00E+00;0,00E+00;0,00E+00;0,00E+00
17439394;3,43E-01;-4,21E-01;4,39E-06;-7,17E-06;0,00E+00;0,00E+00;0,00E+00;0,00E+00
17463783;3,42E-01;-4,21E-01;-8,27E-06;-3,55E-05;0,00E+00;0,00E+00;0,00E+00;0,00E+00
17488172;3,42E-01;-4,21E-01;-2,41E-05;-2,69E-05;0,00E+00;0,00E+00;0,00E+00;0,00E+00
17512561;3,41E-01;-4,21E-01;2,62E-05;3,99E-06;0,00E+00;0,00E+00;0,00E+00;0,00E+00
17536950;3,41E-01;-4,21E-01;-3,27E-05;-4,28E-06;0,00E+00;0,00E+00;0,00E+00;0,00E+00
17561339;3,40E-01;-4,21E-01;-2,58E-05;3,83E-05;0,00E+00;0,00E+00;0,00E+00;0,00E+00
17585728;3,40E-01;-4,21E-01;-1,76E-05;5,00E-05;0,00E+00;0,00E+00;0,00E+00;0,00E+00
17610117;3,39E-01;-4,21E-01;8,15E-06;2,30E-06;0,00E+00;0,00E+00;0,00E+00;0,00E+00
17634506;3,39E-01;-4,21E-01;-1,93E-05;-8,81E-06;0,00E+00;0,00E+00;0,00E+00;0,00E+00
17658895;3,38E-01;-4,21E-01;-7,10E-07;-1,22E-06;0,00E+00;0,00E+00;0,00E+00;0,00E+00
17683284;3,38E-01;-4,21E-01;9,34E-06;2,70E-05;0,00E+00;0,00E+00;0,00E+00;0,00E+00
17707674;3,37E-01;-4,21E-01;1,40E-05;-3,77E-05;0,00E+00;0,00E+00;0,00E+00;0,00E+00
17732063;3,37E-01;-4,21E-01;6,88E-06;1,98E-05;0,00E+00;0,00E+00;0,00E+00;0,00E+00
17756452;3,36E-01;-4,20E-01;-3,84E-05;-2,02E-05;0,00E+00;0,00E+00;0,00E+00;0,00E+00
17780841;3,36E-01;-4,20E-01;8,12E-05;3,09E-05;0,00E+00;0,00E+00;0,00E+00;0,00E+00
17805230;3,35E-01;-4,21E-01;-4,14E-05;1,64E-05;0,00E+00;0,00E+00;0,00E+00;0,00E+00
17829619;3,35E-01;-4,20E-01;5,63E-05;1,72E-05;0,00E+00;0,00E+00;0,00E+00;0,00E+00
17854008;3,34E-01;-4,20E-01;-5,98E-05;1,11E-04;0,00E+00;0,00E+00;0,00E+00;0,00E+00
17878397;3,34E-01;-4,20E-01;-1,61E-05;-2,14E-06;0,00E+00;0,00E+00;0,00E+00;0,00E+00
17902786;3,33E-01;-4,21E-01;2,86E-05;3,88E-06;0,00E+00;0,00E+00;0,00E+00;0,00E+00
17927175;3,33E-01;-4,20E-01;-5,98E-05;-2,62E-05;0,00E+00;0,00E+00;0,00E+00;0,00E+00
17951564;3,32E-01;-4,20E-01;-4,62E-05;-7,00E-05;0,00E+00;0,00E+00;0,00E+00;0,00E+00
17975953;3,31E-01;-4,20E-01;-3,74E-05;-5,12E-05;0,00E+00;0,00E+00;0,00E+00;0,00E+00
18000342;3,31E-01;-4,20E-01;1,23E-05;2,42E-08;0,00E+00;0,00E+00;0,00E+00;0,00E+00
18024731;3,31E-01;-4,20E-01;-9,66E-06;-3,09E-05;0,00E+00;0,00E+00;0,00E+00;0,00E+00
18049120;3,30E-01;-4,20E-01;1,06E-05;4,89E-05;0,00E+00;0,00E+00;0,00E+00;0,00E+00
18073509;3,30E-01;-4,20E-01;-3,37E-06;-2,30E-05;0,00E+00;0,00E+00;0,00E+00;0,00E+00
18097898;3,29E-01;-4,20E-01;3,24E-05;1,87E-05;0,00E+00;0,00E+00;0,00E+00;0,00E+00
18122287;3,29E-01;-4,20E-01;1,17E-05;-3,32E-06;0,00E+00;0,00E+00;0,00E+00;0,00E+00
18146676;3,29E-01;-4,20E-01;5,53E-05;4,07E-05;0,00E+00;0,00E+00;0,00E+00;0,00E+00
18171065;3,28E-01;-4,20E-01;-2,26E-05;-4,53E-05;0,00E+00;0,00E+00;0,00E+00;0,00E+00
18195455;3,27E-01;-4,20E-01;3,48E-05;-1,01E-05;0,00E+00;0,00E+00;0,00E+00;0,00E+00
18219844;3,27E-01;-4,20E-01;-4,85E-06;-3,67E-05;0,00E+00;0,00E+00;0,00E+00;0,00E+00
18244233;3,27E-01;-4,20E-01;-2,23E-05;2,79E-06;0,00E+00;0,00E+00;0,00E+00;0,00E+00
18268622;3,26E-01;-4,20E-01;2,96E-05;2,53E-05;0,00E+00;0,00E+00;0,00E+00;0,00E+00
18293011;3,25E-01;-4,19E-01;-3,24E-05;-9,24E-06;0,00E+00;0,00E+00;0,00E+00;0,00E+00
18317400;3,25E-01;-4,20E-01;-1,49E-05;8,16E-06;0,00E+00;0,00E+00;0,00E+00;0,00E+00
18341789;3,24E-01;-4,20E-01;-5,84E-06;-2,07E-05;0,00E+00;0,00E+00;0,00E+00;0,00E+00
18366178;3,24E-01;-4,20E-01;-4,27E-05;2,20E-05;0,00E+00;0,00E+00;0,00E+00;0,00E+00
18390567;3,23E-01;-4,19E-01;1,47E-05;2,68E-05;0,00E+00;0,00E+00;0,00E+00;0,00E+00
18414956;3,23E-01;-4,19E-01;-6,24E-06;-4,50E-06;0,00E+00;0,00E+00;0,00E+00;0,00E+00
18439345;3,22E-01;-4,19E-01;1,41E-05;4,95E-05;0,00E+00;0,00E+00;0,00E+00;0,00E+00
18463734;3,22E-01;-4,19E-01;9,28E-06;6,65E-06;0,00E+00;0,00E+00;0,00E+00;0,00E+00
18488123;3,22E-01;-4,19E-01;-1,33E-05;3,37E-05;0,00E+00;0,00E+00;0,00E+00;0,00E+00
18512512;3,21E-01;-4,19E-01;-3,91E-05;-5,62E-06;0,00E+00;0,00E+00;0,00E+00;0,00E+00
18536901;3,21E-01;-4,19E-01;1,24E-05;-4,23E-06;0,00E+00;0,00E+00;0,00E+00;0,00E+00
18561290;3,20E-01;-4,19E-01;-5,16E-07;8,84E-06;0,00E+00;0,00E+00;0,00E+00;0,00E+00
18585679;3,20E-01;-4,19E-01;-1,19E-05;6,89E-06;0,00E+00;0,00E+00;0,00E+00;0,00E+00
18610068;3,19E-01;-4,19E-01;-3,38E-05;2,66E-06;0,00E+00;0,00E+00;0,00E+00;0,00E+00
18634457;3,19E-01;-4,19E-01;3,91E-06;-4,80E-06;0,00E+00;0,00E+00;0,00E+00;0,00E+00
18658847;3,18E-01;-4,19E-01;1,44E-05;3,96E-06;0,00E+00;0,00E+00;0,00E+00;0,00E+00
18683236;3,18E-01;-4,19E-01;3,56E-05;3,17E-05;0,00E+00;0,00E+00;0,00E+00;0,00E+00
18707625;3,17E-01;-4,19E-01;-2,84E-06;2,36E-05;0,00E+00;0,00E+00;0,00E+00;0,00E+00
18732014;3,17E-01;-4,18E-01;4,38E-05;-2,49E-05;0,00E+00;0,00E+00;0,00E+00;0,00E+00
18756403;3,16E-01;-4,19E-01;1,03E-05;5,72E-05;0,00E+00;0,00E+00;0,00E+00;0,00E+00
18780792;3,16E-01;-4,19E-01;6,56E-06;-2,22E-05;0,00E+00;0,00E+00;0,00E+00;0,00E+00
18805181;3,15E-01;-4,19E-01;-1,26E-05;-2,69E-05;0,00E+00;0,00E+00;0,00E+00;0,00E+00
18829570;3,15E-01;-4,19E-01;3,40E-05;-1,33E-05;0,00E+00;0,00E+00;0,00E+00;0,00E+00
18853959;3,15E-01;-4,19E-01;7,04E-05;-1,87E-05;0,00E+00;0,00E+00;0,00E+00;0,00E+00
18878348;3,14E-01;-4,19E-01;2,52E-05;7,74E-07;0,00E+00;0,00E+00;0,00E+00;0,00E+00
18902737;3,14E-01;-4,19E-01;9,70E-06;1,27E-05;0,00E+00;0,00E+00;0,00E+00;0,00E+00
18927126;3,13E-01;-4,18E-01;-3,85E-05;-2,94E-06;0,00E+00;0,00E+00;0,00E+00;0,00E+00
18951515;3,13E-01;-4,18E-01;-2,01E-06;2,87E-05;0,00E+00;0,00E+00;0,00E+00;0,00E+00
18975904;3,12E-01;-4,18E-01;1,73E-05;-1,37E-05;0,00E+00;0,00E+00;0,00E+00;0,00E+00
19000293;3,12E-01;-4,19E-01;-5,71E-07;1,72E-05;0,00E+00;0,00E+00;0,00E+00;0,00E+00
19024682;3,12E-01;-4,19E-01;3,00E-05;-1,59E-05;0,00E+00;0,00E+00;0,00E+00;0,00E+00
19049071;3,11E-01;-4,18E-01;1,88E-05;2,72E-06;0,00E+00;0,00E+00;0,00E+00;0,00E+00
19073460;3,11E-01;-4,18E-01;1,65E-05;-2,67E-05;0,00E+00;0,00E+00;0,00E+00;0,00E+00
19097849;3,10E-01;-4,18E-01;6,01E-05;2,37E-05;0,00E+00;0,00E+00;0,00E+00;0,00E+00
19122239;3,10E-01;-4,18E-01;-4,35E-05;2,56E-06;0,00E+00;0,00E+00;0,00E+00;0,00E+00
19146628;3,09E-01;-4,18E-01;-7,76E-06;4,39E-06;0,00E+00;0,00E+00;0,00E+00;0,00E+00
19171017;3,09E-01;-4,18E-01;-2,81E-05;5,57E-06;0,00E+00;0,00E+00;0,00E+00;0,00E+00
19195406;3,09E-01;-4,18E-01;-1,11E-05;6,33E-05;0,00E+00;0,00E+00;0,00E+00;0,00E+00
19219795;3,08E-01;-4,18E-01;2,15E-06;3,40E-06;0,00E+00;0,00E+00;0,00E+00;0,00E+00
19244184;3,08E-01;-4,18E-01;-1,47E-05;4,40E-05;0,00E+00;0,00E+00;0,00E+00;0,00E+00
19268573;3,07E-01;-4,18E-01;-1,86E-05;-1,78E-05;0,00E+00;0,00E+00;0,00E+00;0,00E+00
19292962;3,07E-01;-4,18E-01;-6,71E-05;-1,98E-05;0,00E+00;0,00E+00;0,00E+00;0,00E+00
19317351;3,06E-01;-4,18E-01;5,45E-05;-8,91E-06;0,00E+00;0,00E+00;0,00E+00;0,00E+00
19341740;3,06E-01;-4,17E-01;-6,50E-06;2,00E-06;0,00E+00;0,00E+00;0,00E+00;0,00E+00
19366129;3,05E-01;-4,18E-01;2,41E-05;-2,60E-05;0,00E+00;0,00E+00;0,00E+00;0,00E+00
19390518;3,05E-01;-4,17E-01;-7,03E-05;-1,01E-05;0,00E+00;0,00E+00;0,00E+00;0,00E+00
19414907;3,05E-01;-4,18E-01;-3,36E-05;4,25E-05;0,00E+00;0,00E+00;0,00E+00;0,00E+00
19439296;3,04E-01;-4,17E-01;-4,93E-06;1,73E-06;0,00E+00;0,00E+00;0,00E+00;0,00E+00
19463685;3,03E-01;-4,17E-01;-2,42E-05;1,24E-06;0,00E+00;0,00E+00;0,00E+00;0,00E+00
19488074;3,03E-01;-4,17E-01;-9,32E-07;-6,00E-05;0,00E+00;0,00E+00;0,00E+00;0,00E+00
19512463;3,03E-01;-4,17E-01;1,37E-05;-8,24E-06;0,00E+00;0,00E+00;0,00E+00;0,00E+00
19536852;3,02E-01;-4,17E-01;-1,39E-05;-4,93E-05;0,00E+00;0,00E+00;0,00E+00;0,00E+00
19561241;3,02E-01;-4,17E-01;1,29E-06;-1,45E-05;0,00E+00;0,00E+00;0,00E+00;0,00E+00
19585630;3,01E-01;-4,17E-01;-2,09E-05;1,34E-05;0,00E+00;0,00E+00;0,00E+00;0,00E+00
19610020;3,01E-01;-4,17E-01;-1,14E-05;-2,08E-05;0,00E+00;0,00E+00;0,00E+00;0,00E+00
19634409;3,01E-01;-4,17E-01;-2,77E-05;3,43E-05;0,00E+00;0,00E+00;0,00E+00;0,00E+00
19658798;3,00E-01;-4,17E-01;5,80E-06;1,90E-05;0,00E+00;0,00E+00;0,00E+00;0,00E+00
19683187;3,00E-01;-4,17E-01;3,37E-06;3,51E-05;0,00E+00;0,00E+00;0,00E+00;0,00E+00
19707576;2,99E-01;-4,17E-01;2,90E-06;-3,16E-05;0,00E+00;0,00E+00;0,00E+00;0,00E+00
19731965;2,99E-01;-4,17E-01;-2,90E-05;1,25E-05;0,00E+00;0,00E+00;0,00E+00;0,00E+00
19756354;2,98E-01;-4,17E-01;6,41E-05;1,59E-06;0,00E+00;0,00E+00;0,00E+00;0,00E+00
19780743;2,98E-01;-4,17E-01;3,18E-05;1,77E-05;0,00E+00;0,00E+00;0,00E+00;0,00E+00
19805132;2,98E-01;-4,17E-01;-1,75E-05;3,98E-05;0,00E+00;0,00E+00;0,00E+00;0,00E+00
19829521;2,97E-01;-4,16E-01;1,01E-05;-1,20E-05;0,00E+00;0,00E+00;0,00E+00;0,00E+00
19853910;2,97E-01;-4,16E-01;-2,63E-05;2,86E-05;0,00E+00;0,00E+00;0,00E+00;0,00E+00
19878299;2,96E-01;-4,16E-01;4,69E-05;-3,08E-05;0,00E+00;0,00E+00;0,00E+00;0,00E+00
19902688;2,96E-01;-4,16E-01;7,05E-06;-1,68E-05;0,00E+00;0,00E+00;0,00E+00;0,00E+00
19927077;2,96E-01;-4,16E-01;-1,17E-05;2,74E-05;0,00E+00;0,00E+00;0,00E+00;0,00E+00
19951466;2,95E-01;-4,16E-01;-5,90E-06;3,21E-05;0,00E+00;0,00E+00;0,00E+00;0,00E+00
19975855;2,95E-01;-4,16E-01;8,03E-06;-1,08E-05;0,00E+00;0,00E+00;0,00E+00;0,00E+00
20000244;2,94E-01;-4,16E-01;2,53E-05;-2,39E-05;0,00E+00;0,00E+00;0,00E+00;0,00E+00
20024633;2,94E-01;-4,16E-01;-1,34E-05;-7,56E-06;0,00E+00;0,00E+00;0,00E+00;0,00E+00
20049022;2,93E-01;-4,16E-01;2,91E-05;-3,09E-05;0,00E+00;0,00E+00;0,00E+00;0,00E+00
20073412;2,93E-01;-4,16E-01;-3,38E-05;2,92E-07;0,00E+00;0,00E+00;0,00E+00;0,00E+00
20097801;2,93E-01;-4,16E-01;1,29E-06;3,52E-06;0,00E+00;0,00E+00;0,00E+00;0,00E+00
20122190;2,92E-01;-4,16E-01;9,73E-06;2,78E-05;0,00E+00;0,00E+00;0,00E+00;0,00E+00
20146579;2,91E-01;-4,16E-01;4,61E-05;-1,19E-05;0,00E+00;0,00E+00;0,00E+00;0,00E+00
20170968;2,92E-01;-4,16E-01;5,17E-06;3,50E-05;0,00E+00;0,00E+00;0,00E+00;0,00E+00
20195357;2,91E-01;-4,16E-01;1,05E-05;2,87E-06;0,00E+00;0,00E+00;0,00E+00;0,00E+00
20219746;2,91E-01;-4,15E-01;2,66E-05;2,22E-05;0,00E+00;0,00E+00;0,00E+00;0,00E+00
20244135;2,90E-01;-4,16E-01;-2,22E-05;-1,79E-05;0,00E+00;0,00E+00;0,00E+00;0,00E+00
20268524;2,90E-01;-4,15E-01;-1,69E-05;1,55E-05;0,00E+00;0,00E+00;0,00E+00;0,00E+00
20292913;2,89E-01;-4,16E-01;-1,38E-06;4,63E-05;0,00E+00;0,00E+00;0,00E+00;0,00E+00
20317302;2,89E-01;-4,15E-01;1,52E-05;4,84E-05;0,00E+00;0,00E+00;0,00E+00;0,00E+00
20341691;2,88E-01;-4,15E-01;1,99E-05;-5,67E-05;0,00E+00;0,00E+00;0,00E+00;0,00E+00
20366080;2,88E-01;-4,15E-01;2,12E-06;3,99E-05;0,00E+00;0,00E+00;0,00E+00;0,00E+00
20390469;2,87E-01;-4,15E-01;-3,58E-05;7,68E-06;0,00E+00;0,00E+00;0,00E+00;0,00E+00
20414858;2,87E-01;-4,15E-01;2,65E-05;-2,75E-05;0,00E+00;0,00E+00;0,00E+00;0,00E+00
20439247;2,87E-01;-4,15E-01;-5,13E-06;-2,20E-05;0,00E+00;0,00E+00;0,00E+00;0,00E+00
20463636;2,86E-01;-4,15E-01;-2,17E-05;1,36E-05;0,00E+00;0,00E+00;0,00E+00;0,00E+00
20488025;2,86E-01;-4,15E-01;1,09E-05;-2,76E-05;0,00E+00;0,00E+00;0,00E+00;0,00E+00
20512414;2,86E-01;-4,14E-01;-3,91E-05;1,78E-05;0,00E+00;0,00E+00;0,00E+00;0,00E+00
20536804;2,85E-01;-4,15E-01;2,96E-05;3,28E-05;0,00E+00;0,00E+00;0,00E+00;0,00E+00
20561193;2,85E-01;-4,15E-01;3,25E-05;2,82E-05;0,00E+00;0,00E+00;0,00E+00;0,00E+00
20585582;2,84E-01;-4,15E-01;2,16E-05;-5,48E-06;0,00E+00;0,00E+00;0,00E+00;0,00E+00
20609971;2,84E-01;-4,15E-01;1,09E-05;-1,26E-05;0,00E+00;0,00E+00;0,00E+00;0,00E+00
20634360;2,84E-01;-4,15E-01;-9,54E-06;1,36E-05;0,00E+00;0,00E+00;0,00E+00;0,00E+00
20658749;2,83E-01;-4,15E-01;-2,83E-05;-2,76E-05;0,00E+00;0,00E+00;0,00E+00;0,00E+00
20683138;2,83E-01;-4,14E-01;1,51E-05;-1,71E-05;0,00E+00;0,00E+00;0,00E+00;0,00E+00
20707527;2,82E-01;-4,14E-01;2,01E-05;1,20E-06;0,00E+00;0,00E+00;0,00E+00;0,00E+00
20731916;2,82E-01;-4,14E-01;1,30E-05;-1,78E-05;0,00E+00;0,00E+00;0,00E+00;0,00E+00
20756305;2,82E-01;-4,14E-01;6,77E-07;1,19E-05;0,00E+00;0,00E+00;0,00E+00;0,00E+00
20780694;2,81E-01;-4,14E-01;-3,26E-05;2,23E-05;0,00E+00;0,00E+00;0,00E+00;0,00E+00
20805083;2,81E-01;-4,14E-01;-3,63E-05;-1,48E-05;0,00E+00;0,00E+00;0,00E+00;0,00E+00
20829472;2,80E-01;-4,14E-01;-1,48E-05;-1,90E-05;0,00E+00;0,00E+00;0,00E+00;0,00E+00
20853861;2,80E-01;-4,14E-01;-7,99E-06;-1,94E-05;0,00E+00;0,00E+00;0,00E+00;0,00E+00
20878250;2,80E-01;-4,14E-01;-2,82E-05;3,55E-06;0,00E+00;0,00E+00;0,00E+00;0,00E+00
20902639;2,79E-01;-4,14E-01;6,17E-06;6,67E-06;0,00E+00;0,00E+00;0,00E+00;0,00E+00
20927028;2,79E-01;-4,14E-01;-1,63E-05;2,45E-06;0,00E+00;0,00E+00;0,00E+00;0,00E+00
20951417;2,78E-01;-4,14E-01;-4,60E-05;-5,49E-06;0,00E+00;0,00E+00;0,00E+00;0,00E+00
20975806;2,78E-01;-4,13E-01;2,56E-05;-1,16E-05;0,00E+00;0,00E+00;0,00E+00;0,00E+00
21000196;2,77E-01;-4,13E-01;1,26E-05;1,67E-05;0,00E+00;0,00E+00;0,00E+00;0,00E+00
21024585;2,77E-01;-4,13E-01;-3,49E-07;2,54E-05;0,00E+00;0,00E+00;0,00E+00;0,00E+00
21048974;2,77E-01;-4,14E-01;2,26E-05;-1,70E-05;0,00E+00;0,00E+00;0,00E+00;0,00E+00
21073363;2,77E-01;-4,13E-01;2,07E-05;4,28E-05;0,00E+00;0,00E+00;0,00E+00;0,00E+00
21097752;2,76E-01;-4,13E-01;5,30E-05;-3,00E-06;0,00E+00;0,00E+00;0,00E+00;0,00E+00
21122141;2,76E-01;-4,13E-01;-1,69E-05;-1,06E-05;0,00E+00;0,00E+00;0,00E+00;0,00E+00
21146530;2,75E-01;-4,13E-01;3,48E-05;2,33E-05;0,00E+00;0,00E+00;0,00E+00;0,00E+00
21170919;2,75E-01;-4,13E-01;2,71E-05;1,17E-05;0,00E+00;0,00E+00;0,00E+00;0,00E+00
21195308;2,75E-01;-4,13E-01;-1,97E-05;3,14E-05;0,00E+00;0,00E+00;0,00E+00;0,00E+00
21219697;2,74E-01;-4,13E-01;1,11E-06;-1,82E-05;0,00E+00;0,00E+00;0,00E+00;0,00E+00
21244086;2,74E-01;-4,13E-01;1,35E-06;3,06E-05;0,00E+00;0,00E+00;0,00E+00;0,00E+00
21268475;2,73E-01;-4,13E-01;7,62E-06;-1,36E-05;0,00E+00;0,00E+00;0,00E+00;0,00E+00
21292864;2,73E-01;-4,13E-01;-2,19E-05;-2,67E-05;0,00E+00;0,00E+00;0,00E+00;0,00E+00
21317253;2,72E-01;-4,13E-01;2,64E-06;-4,55E-05;0,00E+00;0,00E+00;0,00E+00;0,00E+00
21341642;2,72E-01;-4,12E-01;-3,04E-05;-2,23E-05;0,00E+00;0,00E+00;0,00E+00;0,00E+00
21366031;2,72E-01;-4,13E-01;5,44E-07;2,91E-05;0,00E+00;0,00E+00;0,00E+00;0,00E+00
21390420;2,72E-01;-4,12E-01;-2,03E-05;1,91E-05;0,00E+00;0,00E+00;0,00E+00;0,00E+00
21414809;2,72E-01;-4,12E-01;-7,00E-06;1,68E-05;0,00E+00;0,00E+00;0,00E+00;0,00E+00
21439198;2,71E-01;-4,12E-01;2,90E-06;1,03E-05;0,00E+00;0,00E+00;0,00E+00;0,00E+00
21463587;2,71E-01;-4,12E-01;-2,19E-05;-6,36E-06;0,00E+00;0,00E+00;0,00E+00;0,00E+00
21487977;2,70E-01;-4,12E-01;2,86E-05;-1,71E-05;0,00E+00;0,00E+00;0,00E+00;0,00E+00
21512366;2,70E-01;-4,12E-01;-2,66E-05;-1,48E-06;0,00E+00;0,00E+00;0,00E+00;0,00E+00
21536755;2,69E-01;-4,12E-01;-5,33E-05;1,17E-05;0,00E+00;0,00E+00;0,00E+00;0,00E+00
21561144;2,69E-01;-4,12E-01;-2,91E-05;-3,18E-05;0,00E+00;0,00E+00;0,00E+00;0,00E+00
21585533;2,69E-01;-4,12E-01;-1,22E-05;-6,98E-06;0,00E+00;0,00E+00;0,00E+00;0,00E+00
21609922;2,68E-01;-4,12E-01;-3,77E-06;-1,64E-05;0,00E+00;0,00E+00;0,00E+00;0,00E+00
21634311;2,68E-01;-4,12E-01;3,41E-05;1,66E-06;0,00E+00;0,00E+00;0,00E+00;0,00E+00
21658700;2,67E-01;-4,12E-01;2,06E-05;-3,22E-05;0,00E+00;0,00E+00;0,00E+00;0,00E+00
21683089;2,68E-01;-4,11E-01;-3,56E-05;6,89E-06;0,00E+00;0,00E+00;0,00E+00;0,00E+00
21707478;2,67E-01;-4,12E-01;-7,66E-06;2,44E-06;0,00E+00;0,00E+00;0,00E+00;0,00E+00
21731867;2,67E-01;-4,11E-01;-1,77E-05;7,95E-06;0,00E+00;0,00E+00;0,00E+00;0,00E+00
21756256;2,66E-01;-4,12E-01;-9,88E-06;3,81E-05;0,00E+00;0,00E+00;0,00E+00;0,00E+00
21780645;2,66E-01;-4,11E-01;-2,58E-05;-1,91E-05;0,00E+00;0,00E+00;0,00E+00;0,00E+00
21805034;2,66E-01;-4,12E-01;-5,87E-05;1,15E-06;0,00E+00;0,00E+00;0,00E+00;0,00E+00
21829423;2,65E-01;-4,11E-01;7,69E-07;4,32E-05;0,00E+00;0,00E+00;0,00E+00;0,00E+00
21853812;2,65E-01;-4,11E-01;-2,99E-06;3,31E-05;0,00E+00;0,00E+00;0,00E+00;0,00E+00
21878201;2,64E-01;-4,11E-01;2,13E-06;-3,97E-05;0,00E+00;0,00E+00;0,00E+00;0,00E+00
21902590;2,64E-01;-4,11E-01;1,09E-05;2,16E-05;0,00E+00;0,00E+00;0,00E+00;0,00E+00
21926979;2,64E-01;-4,11E-01;-1,13E-06;5,30E-06;0,00E+00;0,00E+00;0,00E+00;0,00E+00
21951369;2,63E-01;-4,11E-01;-7,72E-05;2,57E-05;0,00E+00;0,00E+00;0,00E+00;0,00E+00
21975758;2,63E-01;-4,11E-01;-3,80E-06;1,35E-05;0,00E+00;0,00E+00;0,00E+00;0,00E+00
22000147;2,62E-01;-4,11E-01;2,26E-05;1,83E-05;0,00E+00;0,00E+00;0,00E+00;0,00E+00
22024536;2,62E-01;-4,11E-01;-7,28E-06;9,61E-06;0,00E+00;0,00E+00;0,00E+00;0,00E+00
22048925;2,62E-01;-4,11E-01;4,90E-06;-5,56E-06;0,00E+00;0,00E+00;0,00E+00;0,00E+00
22073314;2,61E-01;-4,10E-01;-1,58E-06;1,50E-05;0,00E+00;0,00E+00;0,00E+00;0,00E+00
22097703;2,61E-01;-4,11E-01;-7,31E-06;7,51E-06;0,00E+00;0,00E+00;0,00E+00;0,00E+00
22122092;2,61E-01;-4,10E-01;-3,08E-06;-1,58E-05;0,00E+00;0,00E+00;0,00E+00;0,00E+00
22146481;2,60E-01;-4,10E-01;-2,39E-05;8,86E-06;0,00E+00;0,00E+00;0,00E+00;0,00E+00
22170870;2,60E-01;-4,11E-01;-2,50E-05;-1,45E-05;0,00E+00;0,00E+00;0,00E+00;0,00E+00
22195259;2,59E-01;-4,10E-01;-1,68E-06;9,55E-06;0,00E+00;0,00E+00;0,00E+00;0,00E+00
22219648;2,59E-01;-4,10E-01;-4,20E-06;-8,86E-06;0,00E+00;0,00E+00;0,00E+00;0,00E+00
22244037;2,59E-01;-4,10E-01;3,50E-05;1,35E-05;0,00E+00;0,00E+00;0,00E+00;0,00E+00
22268426;2,59E-01;-4,10E-01;1,49E-05;7,08E-06;0,00E+00;0,00E+00;0,00E+00;0,00E+00
22292815;2,58E-01;-4,10E-01;1,35E-05;-6,00E-06;0,00E+00;0,00E+00;0,00E+00;0,00E+00
22317204;2,58E-01;-4,10E-01;-2,22E-05;-6,14E-06;0,00E+00;0,00E+00;0,00E+00;0,00E+00
22341593;2,58E-01;-4,10E-01;-7,03E-06;5,48E-06;0,00E+00;0,00E+00;0,00E+00;0,00E+00
22365982;2,57E-01;-4,10E-01;2,57E-05;-8,11E-07;0,00E+00;0,00E+00;0,00E+00;0,00E+00
22390371;2,57E-01;-4,10E-01;-2,06E-05;5,13E-05;0,00E+00;0,00E+00;0,00E+00;0,00E+00
22414761;2,56E-01;-4,09E-01;-3,61E-05;1,07E-05;0,00E+00;0,00E+00;0,00E+00;0,00E+00
22439150;2,56E-01;-4,09E-01;-4,81E-05;7,23E-06;0,00E+00;0,00E+00;0,00E+00;0,00E+00
22463539;2,56E-01;-4,10E-01;-2,08E-05;-5,71E-06;0,00E+00;0,00E+00;0,00E+00;0,00E+00
22487928;2,56E-01;-4,09E-01;1,86E-05;-5,48E-05;0,00E+00;0,00E+00;0,00E+00;0,00E+00
22512317;2,55E-01;-4,09E-01;3,64E-06;5,11E-05;0,00E+00;0,00E+00;0,00E+00;0,00E+00
22536706;2,55E-01;-4,09E-01;-3,83E-05;2,92E-05;0,00E+00;0,00E+00;0,00E+00;0,00E+00
22561095;2,55E-01;-4,09E-01;-3,71E-05;-2,50E-06;0,00E+00;0,00E+00;0,00E+00;0,00E+00
22585484;2,54E-01;-4,09E-01;2,07E-07;-2,21E-05;0,00E+00;0,00E+00;0,00E+00;0,00E+00
22609873;2,54E-01;-4,09E-01;8,10E-07;5,52E-07;0,00E+00;0,00E+00;0,00E+00;0,00E+00
22634262;2,53E-01;-4,09E-01;7,05E-06;-1,45E-05;0,00E+00;0,00E+00;0,00E+00;0,00E+00
22658651;2,53E-01;-4,09E-01;-4,69E-05;-4,10E-05;0,00E+00;0,00E+00;0,00E+00;0,00E+00
22683040;2,53E-01;-4,09E-01;1,15E-05;2,04E-05;0,00E+00;0,00E+00;0,00E+00;0,00E+00
22707429;2,52E-01;-4,09E-01;-1,51E-07;6,78E-06;0,00E+00;0,00E+00;0,00E+00;0,00E+00
22731818;2,52E-01;-4,09E-01;1,36E-05;1,69E-05;0,00E+00;0,00E+00;0,00E+00;0,00E+00
22756207;2,52E-01;-4,09E-01;2,71E-05;1,15E-06;0,00E+00;0,00E+00;0,00E+00;0,00E+00
22780596;2,52E-01;-4,09E-01;2,77E-06;2,90E-05;0,00E+00;0,00E+00;0,00E+00;0,00E+00
22804985;2,51E-01;-4,09E-01;8,47E-06;-8,32E-06;0,00E+00;0,00E+00;0,00E+00;0,00E+00
22829374;2,51E-01;-4,09E-01;3,86E-06;1,39E-05;0,00E+00;0,00E+00;0,00E+00;0,00E+00
22853763;2,50E-01;-4,08E-01;3,75E-05;-1,16E-06;0,00E+00;0,00E+00;0,00E+00;0,00E+00
22878152;2,50E-01;-4,08E-01;9,35E-06;-1,33E-05;0,00E+00;0,00E+00;0,00E+00;0,00E+00
22902542;2,50E-01;-4,09E-01;8,27E-06;-1,07E-05;0,00E+00;0,00E+00;0,00E+00;0,00E+00
22926931;2,49E-01;-4,08E-01;6,04E-06;-3,24E-05;0,00E+00;0,00E+00;0,00E+00;0,00E+00
22951320;2,49E-01;-4,08E-01;-2,10E-05;3,30E-05;0,00E+00;0,00E+00;0,00E+00;0,00E+00
22975709;2,48E-01;-4,08E-01;-3,63E-06;-1,31E-05;0,00E+00;0,00E+00;0,00E+00;0,00E+00
23000098;2,49E-01;-4,08E-01;-3,16E-05;6,15E-06;0,00E+00;0,00E+00;0,00E+00;0,00E+00
23024487;2,48E-01;-4,08E-01;-4,43E-07;-3,21E-05;0,00E+00;0,00E+00;0,00E+00;0,00E+00
23048876;2,48E-01;-4,08E-01;-1,11E-07;3,79E-05;0,00E+00;0,00E+00;0,00E+00;0,00E+00
23073265;2,47E-01;-4,08E-01;-5,15E-06;1,32E-05;0,00E+00;0,00E+00;0,00E+00;0,00E+00
23097654;2,47E-01;-4,07E-01;-9,67E-06;1,14E-05;0,00E+00;0,00E+00;0,00E+00;0,00E+00
23122043;2,47E-01;-4,08E-01;6,96E-06;4,19E-06;0,00E+00;0,00E+00;0,00E+00;0,00E+00
23146432;2,46E-01;-4,08E-01;-2,88E-05;-3,29E-05;0,00E+00;0,00E+00;0,00E+00;0,00E+00
23170821;2,46E-01;-4,07E-01;2,20E-05;-1,18E-05;0,00E+00;0,00E+00;0,00E+00;0,00E+00
23195210;2,45E-01;-4,08E-01;-3,09E-05;2,64E-05;0,00E+00;0,00E+00;0,00E+00;0,00E+00
23219599;2,46E-01;-4,07E-01;-2,97E-05;5,43E-05;0,00E+00;0,00E+00;0,00E+00;0,00E+00
23243988;2,45E-01;-4,08E-01;-1,36E-05;-2,30E-05;0,00E+00;0,00E+00;0,00E+00;0,00E+00
23268377;2,45E-01;-4,07E-01;-3,07E-05;2,03E-05;0,00E+00;0,00E+00;0,00E+00;0,00E+00
23292766;2,45E-01;-4,07E-01;-9,73E-06;2,81E-05;0,00E+00;0,00E+00;0,00E+00;0,00E+00
23317155;2,44E-01;-4,07E-01;-1,35E-05;-1,41E-05;0,00E+00;0,00E+00;0,00E+00;0,00E+00
23341544;2,44E-01;-4,07E-01;6,01E-06;-6,50E-06;0,00E+00;0,00E+00;0,00E+00;0,00E+00
23365934;2,43E-01;-4,07E-01;-1,53E-05;-5,57E-06;0,00E+00;0,00E+00;0,00E+00;0,00E+00
23390323;2,43E-01;-4,07E-01;-2,99E-05;-1,14E-05;0,00E+00;0,00E+00;0,00E+00;0,00E+00
23414712;2,43E-01;-4,07E-01;3,07E-05;3,34E-05;0,00E+00;0,00E+00;0,00E+00;0,00E+00
23439101;2,42E-01;-4,07E-01;-2,67E-05;-2,12E-05;0,00E+00;0,00E+00;0,00E+00;0,00E+00
23463490;2,42E-01;-4,07E-01;-9,53E-06;6,05E-06;0,00E+00;0,00E+00;0,00E+00;0,00E+00
23487879;2,42E-01;-4,07E-01;-3,82E-05;1,41E-05;0,00E+00;0,00E+00;0,00E+00;0,00E+00
23512268;2,42E-01;-4,07E-01;-4,43E-05;-2,61E-05;0,00E+00;0,00E+00;0,00E+00;0,00E+00
23536657;2,41E-01;-4,07E-01;-1,33E-07;-2,63E-05;0,00E+00;0,00E+00;0,00E+00;0,00E+00
23561046;2,41E-01;-4,06E-01;-3,95E-05;3,08E-05;0,00E+00;0,00E+00;0,00E+00;0,00E+00
23585435;2,40E-01;-4,07E-01;4,63E-07;9,28E-06;0,00E+00;0,00E+00;0,00E+00;0,00E+00
23609824;2,40E-01;-4,06E-01;-1,47E-05;-3,61E-05;0,00E+00;0,00E+00;0,00E+00;0,00E+00
23634213;2,40E-01;-4,06E-01;-3,78E-05;4,92E-05;0,00E+00;0,00E+00;0,00E+00;0,00E+00
23658602;2,40E-01;-4,06E-01;3,59E-05;4,44E-05;0,00E+00;0,00E+00;0,00E+00;0,00E+00
23682991;2,39E-01;-4,06E-01;-3,59E-05;2,35E-05;0,00E+00;0,00E+00;0,00E+00;0,00E+00
23707380;2,39E-01;-4,06E-01;-3,31E-05;4,85E-05;0,00E+00;0,00E+00;0,00E+00;0,00E+00
23731769;2,39E-01;-4,06E-01;-1,05E-05;1,40E-05;0,00E+00;0,00E+00;0,00E+00;0,00E+00
23756158;2,38E-01;-4,06E-01;2,56E-05;-5,48E-05;0,00E+00;0,00E+00;0,00E+00;0,00E+00
23780547;2,38E-01;-4,06E-01;-7,50E-06;1,34E-05;0,00E+00;0,00E+00;0,00E+00;0,00E+00
23804936;2,37E-01;-4,06E-01;-1,05E-05;-1,24E-05;0,00E+00;0,00E+00;0,00E+00;0,00E+00
23829326;2,37E-01;-4,05E-01;1,23E-05;7,61E-06;0,00E+00;0,00E+00;0,00E+00;0,00E+00
23853715;2,37E-01;-4,06E-01;1,33E-06;-4,93E-05;0,00E+00;0,00E+00;0,00E+00;0,00E+00
23878104;2,37E-01;-4,05E-01;2,14E-05;-4,82E-05;0,00E+00;0,00E+00;0,00E+00;0,00E+00
23902493;2,36E-01;-4,06E-01;6,24E-07;6,52E-06;0,00E+00;0,00E+00;0,00E+00;0,00E+00
23926882;2,36E-01;-4,05E-01;-1,57E-06;1,56E-06;0,00E+00;0,00E+00;0,00E+00;0,00E+00
23951271;2,36E-01;-4,05E-01;-6,14E-05;1,44E-05;0,00E+00;0,00E+00;0,00E+00;0,00E+00
23975660;2,36E-01;-4,05E-01;-1,43E-05;2,31E-06;0,00E+00;0,00E+00;0,00E+00;0,00E+00
24000049;2,35E-01;-4,05E-01;-5,52E-06;-1,71E-05;0,00E+00;0,00E+00;0,00E+00;0,00E+00
24024438;2,35E-01;-4,05E-01;9,41E-06;-6,22E-06;0,00E+00;0,00E+00;0,00E+00;0,00E+00
24048827;2,34E-01;-4,05E-01;-6,04E-06;4,25E-06;0,00E+00;0,00E+00;0,00E+00;0,00E+00
24073216;2,34E-01;-4,05E-01;-4,58E-05;9,40E-06;0,00E+00;0,00E+00;0,00E+00;0,00E+00
24097605;2,34E-01;-4,05E-01;-3,26E-05;-9,12E-06;0,00E+00;0,00E+00;0,00E+00;0,00E+00
24121994;2,34E-01;-4,05E-01;1,70E-05;5,77E-05;0,00E+00;0,00E+00;0,00E+00;0,00E+00
24146383;2,33E-01;-4,05E-01;8,57E-06;4,96E-06;0,00E+00;0,00E+00;0,00E+00;0,00E+00
24170772;2,33E-01;-4,05E-01;3,42E-05;-4,04E-05;0,00E+00;0,00E+00;0,00E+00;0,00E+00
24195161;2,33E-01;-4,04E-01;-2,98E-06;8,67E-06;0,00E+00;0,00E+00;0,00E+00;0,00E+00
24219550;2,32E-01;-4,05E-01;-1,92E-05;-2,66E-05;0,00E+00;0,00E+00;0,00E+00;0,00E+00
24243939;2,32E-01;-4,04E-01;4,16E-06;-2,77E-07;0,00E+00;0,00E+00;0,00E+00;0,00E+00
24268328;2,32E-01;-4,05E-01;2,85E-05;6,89E-06;0,00E+00;0,00E+00;0,00E+00;0,00E+00
24292717;2,31E-01;-4,04E-01;3,54E-05;-1,50E-05;0,00E+00;0,00E+00;0,00E+00;0,00E+00
24317107;2,31E-01;-4,04E-01;9,41E-06;-5,84E-06;0,00E+00;0,00E+00;0,00E+00;0,00E+00
24341496;2,31E-01;-4,04E-01;1,83E-05;-2,66E-05;0,00E+00;0,00E+00;0,00E+00;0,00E+00
24365885;2,31E-01;-4,04E-01;-1,36E-05;3,44E-05;0,00E+00;0,00E+00;0,00E+00;0,00E+00
24390274;2,30E-01;-4,04E-01;1,40E-06;-1,59E-05;0,00E+00;0,00E+00;0,00E+00;0,00E+00
24414663;2,30E-01;-4,04E-01;-3,04E-05;-4,97E-06;0,00E+00;0,00E+00;0,00E+00;0,00E+00
24439052;2,30E-01;-4,04E-01;-2,01E-05;-3,41E-06;0,00E+00;0,00E+00;0,00E+00;0,00E+00
24463441;2,29E-01;-4,04E-01;3,38E-06;2,01E-05;0,00E+00;0,00E+00;0,00E+00;0,00E+00
24487830;2,29E-01;-4,04E-01;-2,53E-06;-2,44E-05;0,00E+00;0,00E+00;0,00E+00;0,00E+00
24512219;2,29E-01;-4,04E-01;7,41E-06;-3,25E-07;0,00E+00;0,00E+00;0,00E+00;0,00E+00
24536608;2,28E-01;-4,03E-01;1,27E-05;3,54E-07;0,00E+00;0,00E+00;0,00E+00;0,00E+00
24560997;2,28E-01;-4,04E-01;4,60E-06;-6,20E-06;0,00E+00;0,00E+00;0,00E+00;0,00E+00
24585386;2,28E-01;-4,04E-01;2,52E-05;1,50E-06;0,00E+00;0,00E+00;0,00E+00;0,00E+00
24609775;2,28E-01;-4,04E-01;1,75E-05;2,01E-05;0,00E+00;0,00E+00;0,00E+00;0,00E+00
24634164;2,27E-01;-4,04E-01;2,82E-05;-4,75E-05;0,00E+00;0,00E+00;0,00E+00;0,00E+00
24658553;2,27E-01;-4,03E-01;-2,81E-05;-1,01E-05;0,00E+00;0,00E+00;0,00E+00;0,00E+00
24682942;2,27E-01;-4,03E-01;4,93E-06;2,80E-05;0,00E+00;0,00E+00;0,00E+00;0,00E+00
24707331;2,26E-01;-4,03E-01;-7,82E-06;-5,79E-05;0,00E+00;0,00E+00;0,00E+00;0,00E+00
24731720;2,26E-01;-4,03E-01;1,09E-05;2,81E-05;0,00E+00;0,00E+00;0,00E+00;0,00E+00
24756109;2,26E-01;-4,03E-01;-3,78E-06;6,28E-06;0,00E+00;0,00E+00;0,00E+00;0,00E+00
24780499;2,26E-01;-4,03E-01;5,87E-06;3,71E-05;0,00E+00;0,00E+00;0,00E+00;0,00E+00
24804888;2,25E-01;-4,03E-01;-6,70E-06;1,94E-05;0,00E+00;0,00E+00;0,00E+00;0,00E+00
24829277;2,25E-01;-4,03E-01;2,34E-05;-1,35E-05;0,00E+00;0,00E+00;0,00E+00;0,00E+00
24853666;2,25E-01;-4,03E-01;1,73E-06;4,03E-05;0,00E+00;0,00E+00;0,00E+00;0,00E+00
24878055;2,24E-01;-4,03E-01;5,03E-05;6,96E-07;0,00E+00;0,00E+00;0,00E+00;0,00E+00
24902444;2,24E-01;-4,02E-01;-2,45E-05;-9,43E-06;0,00E+00;0,00E+00;0,00E+00;0,00E+00
24926833;2,24E-01;-4,03E-01;-1,85E-05;1,11E-05;0,00E+00;0,00E+00;0,00E+00;0,00E+00
24951222;2,23E-01;-4,02E-01;5,33E-05;1,86E-05;0,00E+00;0,00E+00;0,00E+00;0,00E+00
24975611;2,23E-01;-4,02E-01;1,69E-05;3,05E-05;0,00E+00;0,00E+00;0,00E+00;0,00E+00
25000000;2,23E-01;-4,02E-01;-1,15E-05;1,52E-05;0,00E+00;0,00E+00;0,00E+00;0,00E+00
